,Business,Business ID,City,State,Category,Latitude,Longitude,Price,Reviews,Rating
0,Franklin Barbecue,MGzro82Fi4LYvc86acoONQ,Austin,TX,Barbeque,30.27009,-97.73126,2,4620,4.5
1,Moonshine Patio Bar & Grill,cs6HfZNykLVitm09jWFqWg,Austin,TX,Southern,30.26386,-97.73796,2,4461,4.5
2,Hopdoddy Burger Bar,bZiIIUcpgxh8mpKMDhdqbA,Austin,TX,Burgers,30.249649,-97.749907,2,4532,4
3,Home Slice Pizza,1Eq16r_MSnvPsnIykBdy9w,Austin,TX,Pizza,30.2492,-97.74943,2,3556,4.5
4,Uchi,zFaHweOJ40jjtvpGTjlspw,Austin,TX,Sushi Bars,30.25754,-97.75981,4,2278,4.5
5,Salty Sow,AcFt364BrHyMu3VrSCKMOw,Austin,TX,American (Traditional),30.28364973,-97.72131801,2,2575,4.5
6,Terry Black's Barbecue,YZs1gNSh_sN8JmN_nrpxeA,Austin,TX,Barbeque,30.25969157,-97.75480136,2,2663,4.5
7,Uchiko,4sfF1paqVfXvzAIdzs6MQg,Austin,TX,Sushi Bars,30.31067,-97.74,4,1658,4.5
8,la Barbecue,EPkf96UcG2W3ttlQphWUGQ,Austin,TX,Barbeque,30.2561254,-97.7223386,2,2231,4.5
9,Bouldin Creek Cafe,qkpTiGcJbkNKgmCj4rmkkQ,Austin,TX,Vegetarian,30.24646,-97.75677,2,2179,4.5
10,Gus's World Famous Fried Chicken,v1UzkU8lEWdjxq8byWFOKg,Austin,TX,Southern,30.2634862,-97.7417305,1,2203,4
11,Koriente,nXtn29mTWlYeHxvHSz4dfA,Austin,TX,Asian Fusion,30.267,-97.73597,1,1596,4.5
12,Odd Duck,uPWJtYJi76EniU0xrX-zbA,Austin,TX,American (Traditional),30.25452,-97.762064,3,1647,4.5
13,Banger's Sausage House & Beer Garden,7PZKJbMakI_WSbgA-DJUHA,Austin,TX,Beer Gardens,30.258905,-97.738413,2,2290,4
14,Little Deli & Pizzeria,U9p0G4OOUWP425Ww8FHaGQ,Austin,TX,Delis,30.342656,-97.725445,1,1128,4.5
15,Ramen Tatsu-Ya,OD2IZRD5qopWWHHR-blN8Q,Austin,TX,Ramen,30.36123947,-97.71524765,2,2375,4
16,South Congress Cafe,jREzLrIEkc4jQKLfYMJ0gg,Austin,TX,Breakfast & Brunch,30.247926,-97.75064151,2,2409,4
17,Lick Honest Ice Creams,MFVr6pMQxFsUwdEfUueaCQ,Austin,TX,Ice Cream & Frozen Yogurt,30.25565467,-97.7627457,1,1243,4.5
18,Easy Tiger,LFVtF9FeWZ3mavVPk0j1Gw,Austin,TX,German,30.26580048,-97.73568726,2,1622,4
19,Turf N Surf Po' Boy,pKXtSuabMA63tYCk1UMR-g,Austin,TX,Cajun/Creole,30.26713102,-97.74575101,2,1046,4.5
20,Eddie V's Prime Seafood,4htpnlDZ6zAfpvEwPw1CDQ,Austin,TX,Seafood,30.26613,-97.74058,3,1086,4.5
21,Ramen Tatsu-Ya,uwFa-pTQL1Rv4nULoIraNw,Austin,TX,Ramen,30.25389979,-97.7631826,2,1592,4
22,Titaya's Thai Cuisine,pCNH6bRbyAR7vhaIKoFCxQ,Austin,TX,Thai,30.32360519,-97.72736819,2,1544,4
23,Barley Swine,J8Ha6yIvGoU-E31jnCq7Ew,Austin,TX,American (New),30.34127377,-97.73838864,3,1031,4.5
24,Micklethwait Craft Meats,sjgbSELDpzaabRe8bZwUbw,Austin,TX,Food Trucks,30.26846,-97.72518,2,869,4.5
25,"Rudy's ""Country Store"" and Bar-B-Q",ih_MxWyh3OswxzG857v6TQ,Austin,TX,Barbeque,30.263636,-97.815488,2,1026,4.5
26,Kome Sushi Kitchen,nJx3CI1grAFz1m9DO4CN-g,Austin,TX,Japanese,30.314106,-97.714511,2,1260,4
27,Dolce Neve,rfqq-rHTTipS5XSuOhxCXg,Austin,TX,Gelato,30.247625,-97.755404,2,587,4.5
28,Whole Foods Market,5y2zZGIE2a4tuEJ5FhSVrQ,Austin,TX,Grocery,30.27081468,-97.75317904,2,1198,4
29,Stiles Switch BBQ & Brew,zDVjN3dC9EfQno21m3O8Pg,Austin,TX,Barbeque,30.33432,-97.7215,2,1536,4
30,Tacodeli,-qjkQHH-5O8BAztc6udOuw,Austin,TX,Caterers,30.25827,-97.78747,1,978,4.5
31,Hopdoddy Burger Bar,67bZm-KQQCwSat7_jmiVbA,Austin,TX,Burgers,30.35766497,-97.73315,2,1684,4
32,Santorini Cafe,lIXsFNSHZmhfD0dlbV4lSg,Austin,TX,Greek,30.3876,-97.68399,2,666,4.5
33,Sweet Ritual,YVdTl-VERcOig4MP1264Rw,Austin,TX,Vegan,30.30608,-97.71523,1,591,4.5
34,Cafe Java- Austin,JmL6gV8o-hDzjRLG2TqM4g,Austin,TX,Coffee & Tea,30.40006093,-97.70416173,1,1036,4.5
35,Gourdough's Public House,oug5bLTWP_YTtj1C3_X6Xw,Austin,TX,Pubs,30.245382,-97.780437,2,1385,4
36,Veracruz All Natural,5OAi35OianJzCnIsL8aOFQ,Austin,TX,Food Trucks,30.25793,-97.72603,1,751,4.5
37,Blue Dahlia Bistro,#NAME?,Austin,TX,Breakfast & Brunch,30.26889,-97.728588,2,1270,4
38,Chago's Caribbean Cuisine,AqhAJk1OyupIaYjg0JpZlA,Austin,TX,Cuban,30.34028,-97.7169,2,743,4.5
39,Patrizi's,5ufHVEdJNPypB4v_UhUUUQ,Austin,TX,Italian,30.28397151,-97.71721015,2,615,4.5
40,True Food Kitchen,UiiIGT4lbFQhuFIiI1P7DA,Austin,TX,American (New),30.2672474,-97.7520856,2,863,4.5
41,Via 313 Pizza - West 6th,K6Xm4kI1I2HPssM9FgXNsA,Austin,TX,Pizza,30.2702542,-97.7497127,2,654,4.5
42,888 Pan Asian Restaurant,XNrAtQFU4vl9NA8GTlNonA,Austin,TX,Vietnamese,30.22961936,-97.72996869,2,1574,4
43,"Truluck's Seafood, Steak and Crab House",pCIdgI3QYpzgrtLAmDemuA,Austin,TX,Seafood,30.26683,-97.74502,3,757,4.5
44,T-Loc's Sonora Hot Dogs,puse310xumoKI0WMHNXnRA,Austin,TX,Hot Dogs,30.3211689,-97.7395055,1,363,5
45,Haru Ramen & Yakitori,wMgWB_27X6Wl-K1mHokAtw,Austin,TX,Ramen,30.35471129,-97.73291724,2,977,4
46,Boteco,xwHhz09uHHTuxJiuRbaS6Q,Austin,TX,Food Trucks,30.2641113,-97.7301493,2,376,5
47,Bird Bird Biscuit,PrWSjn4a8o4dHoqKs53GBA,Austin,TX,Breakfast & Brunch,30.284804,-97.713964,1,491,4.5
48,Juan In A Million,bJbJyH6sZeltbBIbe32R8g,Austin,TX,Mexican,30.25526606,-97.71905929,1,1788,4
49,Texas State Capitol,uAdVoIKCNyFelMAc5YM1tg,Austin,TX,Landmarks & Historical Buildings,30.27468652,-97.74035945,1,450,4.5
50,Perry's Steakhouse & Grille - Downtown Austin,ZJFIDLUiZ2Vs0NTj0pGVfg,Austin,TX,Steakhouses,30.26916,-97.7426,3,1037,4
51,Pinthouse Pizza,j3CWjH0XtesbbDZFVq3c7Q,Austin,TX,Pizza,30.31879054,-97.73911155,2,944,4
52,Abo Youssef,wjzyQScG1gjO-VdcjeEarg,Austin,TX,Mediterranean,30.283955,-97.719837,1,399,4.5
53,Mozart's Coffee Roasters,-4ofMtrD7pSpZIX5pnDkig,Austin,TX,Coffee & Tea,30.29554497,-97.78410316,2,1292,4
54,Pho Please,G6_o1h3cm7ocJK-To1HWew,Austin,TX,Vietnamese,30.24272,-97.72791,1,809,4.5
55,Fricano's Deli,A-toRZgCFfvHNGkKs6-5Jw,Austin,TX,Delis,30.288094,-97.742851,1,563,4.5
56,Kerbey Lane Cafe - Central,Qmq4gr5Mmo2oIVejag48PA,Austin,TX,Breakfast & Brunch,30.30803,-97.75047,2,1230,4
57,"Snooze, An A.M. Eatery",6A-flzVZVs1l-Jsl4tRvjQ,Austin,TX,Breakfast & Brunch,30.250894,-97.765847,2,1001,4
58,Lamberts Downtown Barbecue,eJ7X_8KXVlyHZtGrrLz4yg,Austin,TX,Barbeque,30.2652,-97.74785,2,1705,4
59,Sway,Szz42LOHUZnuApxQh_CxhQ,Austin,TX,Thai,30.250142,-97.754556,2,1610,4
60,Cooper's Old Time Pit Bar-B-Que,9e5lIroM6Eyd4aS26pWWEQ,Austin,TX,Barbeque,30.26492962,-97.74373524,2,1243,4
61,Phoebe's Diner,KEh3efWSOIzd8BvuW-X4-g,Austin,TX,Breakfast & Brunch,30.2416132,-97.7588755,2,656,4.5
62,Launderette,JW3SkLOUfGhcVQGosoozUA,Austin,TX,American (New),30.25193,-97.72273,2,980,4
63,SLAB BBQ & Beer,tG7C9aZpYmj0-Z8hZC-0cg,Austin,TX,Barbeque,30.37131015,-97.72465143,2,770,4.5
64,DeSano Pizzeria Napoletana,J0oTYJx-dGn5yk926s6eGw,Austin,TX,Pizza,30.35850525,-97.73065186,2,603,4.5
65,Haru Sushi - formerly known Hanabi,EoIJZMBqFwX-TNAj6rmctg,Austin,TX,Sushi Bars,30.386785,-97.741872,2,730,4.5
66,Roaring Fork,AsYbCd5d7TtIZEWIL5VhOw,Austin,TX,American (Traditional),30.269104,-97.74195862,2,1035,4
67,Sugar Mama's Bakeshop,xoBBLN7uDy_oI4PiKD4VWA,Austin,TX,Desserts,30.24613,-97.7564,1,946,4
68,Via 313 Pizza - North Campus,8RPIjybMh5Eg90eVsv3fRQ,Austin,TX,Pizza,30.297872,-97.741436,2,473,4.5
69,Perla's,UacakYbLnef2TYU2YDrtuw,Austin,TX,Seafood,30.24996523,-97.74996987,3,1464,4
70,Arlo's,SWdiMa_8Oq9FIAKB1sJ0hw,Austin,TX,Vegan,30.26942,-97.73618,1,579,4.5
71,Cabo Bob's Burritos,VV0Vx8HUXdZwuQ7dLBnyag,Austin,TX,Mexican,30.22098092,-97.75692844,1,760,4.5
72,Tan My Restaurant,jvNkx23Jwg0TGEAJzzwiNQ,Austin,TX,Vietnamese,30.36409411,-97.71416261,1,669,4.5
73,Crepe Crazy,_7lONCWyP_dZOCgWF8dEsg,Austin,TX,Creperies,30.24154,-97.78456,1,444,4.5
74,DEE DEE,0m9yum2bqMCQtxbHuQbQFw,Austin,TX,Thai,30.2315332,-97.7877942,2,355,4.5
75,Péché,4-RkxDM200qfSG756uVmtQ,Austin,TX,Lounges,30.266988,-97.745231,2,1065,4
76,Tacodeli,CgZfMVFv0ilEDZbH06apyA,Austin,TX,Caterers,30.31047739,-97.7400862,1,659,4.5
77,"Manolis Ice Cream, Pastries, & Cakes",hYWsMDz0ms7TOnFTcsxYcw,Austin,TX,Desserts,30.244198,-97.758048,1,264,5
78,The Peached Tortilla,KYr5xhJZ4_7Dzm1wIrW__w,Austin,TX,Asian Fusion,30.33075,-97.74021,2,691,4.5
79,Jewboy Burgers,wB1qckz9iC0aq5XuWRmCIA,Austin,TX,Food Trucks,30.32127043,-97.73948009,2,263,5
80,Draught House Pub & Brewery,YUCAPAhFfltJmqKb7HjNXw,Austin,TX,Pubs,30.31098,-97.74283,2,559,4.5
81,Casa De Luz,m2AzyGWRKkwYoe66dY1MzQ,Austin,TX,Vegan,30.26451,-97.76159,2,577,4.5
82,Counter Culture,LinZJmeh2jQxBVbqN0ixgQ,Austin,TX,Vegan,30.254728,-97.717401,2,741,4.5
83,Churro Co.,Su_TBFW5kQGDM4Wzthu3Qw,Austin,TX,Desserts,30.24602,-97.75695,1,380,4.5
84,Ceviche7,kqeblz37dvpiwy7-l9VfXA,Austin,TX,Peruvian,30.29634,-97.74139,1,252,5
85,Eureka!,Tta8AYBZq3fwr1n2up75vQ,Austin,TX,Bars,30.26784275,-97.74124011,2,721,4
86,Summermoon Coffee Bar,W-vmx7fKenv6GX-lVhCXbg,Austin,TX,Coffee Roasteries,30.23323,-97.76485,2,885,4
87,Picnik,NaRmhh_q5X3NNcrHK4HKRQ,Austin,TX,American (New),30.31897351,-97.73913798,2,577,4.5
88,Arturo's Underground Cafe,eZE0FdYB9rUvbuPS4fNyYA,Austin,TX,Breakfast & Brunch,30.2797094,-97.74192,2,616,4.5
89,Central Market - North Lamar,xdIY9G8f_PeXxaMcMTAYUw,Austin,TX,Bakeries,30.30779,-97.7412499,2,623,4
90,Clay Pit,KK-6rXbIo9B4-b_P5WO5Qg,Austin,TX,Indian,30.279073,-97.74232,2,1479,4
91,Swift's Attic,CqOkl94q9ttvYNWIITA8ow,Austin,TX,American (New),30.26563,-97.74337,2,1013,4
92,Via 313 Pizza - Oak Hill,KzXeYr0LJWUr-Kt0l1ObnQ,Austin,TX,Pizza,30.232823,-97.865637,2,724,4.5
93,North Italia,VJDXjHHahRU3P_Ultl7-Yw,Austin,TX,Italian,30.40227815,-97.72598505,2,1191,4
94,The Roosevelt Room,vJvUga5XNBqjTrEEK7kI-Q,Austin,TX,Cocktail Bars,30.2677,-97.74627,2,403,4.5
95,Chi'Lantro,0lgGW93HYeVqrTTx9d3gUA,Austin,TX,Korean,30.27063456,-97.74154206,1,719,4
96,Torchy's Tacos,mF0UJobNyaZCRH7rmgiRlg,Austin,TX,Breakfast & Brunch,30.236755,-97.762718,1,769,4
97,"Snooze, An A.M. Eatery",zZIWHmITwqaC8OhnPkjEIQ,Austin,TX,Breakfast & Brunch,30.30603,-97.74329,2,762,4
98,Jo's Coffee,tfJpt7XJFhaDvhJRFsC79A,Austin,TX,Coffee & Tea,30.251045,-97.749371,1,815,4
99,Alamo Drafthouse Cinema Ritz,2VJ91McOlLP_d_pSOEv_nQ,Austin,TX,Cinema,30.26732,-97.73956,2,556,4.5
100,Fogo de Chão Brazilian Steakhouse,Ld3VO9saSuKmslPCzc7XVA,Austin,TX,Brazilian,30.26416385,-97.74067148,3,771,4
101,24 Diner,QzFBu9Zj5zS-sWyrmysEOQ,Austin,TX,Diners,30.27192193,-97.75419384,2,1799,3.5
102,Fabi + Rosi,ui77NOh5_RY-hlrJzZ11Yw,Austin,TX,Modern European,30.27890004,-97.7726417,2,557,4.5
103,Cabo Bob's Burritos,-Ce8p148xb0-4dv_3zwm3A,Austin,TX,Mexican,30.295789,-97.7442669,1,365,4.5
104,More Home Slice Pizza,TO54OXfj7o97Na9WDTPsZg,Austin,TX,Pizza,30.249255,-97.749626,1,485,4.5
105,FoodHeads,eUD2rCO5pfus19UN34Cgzw,Austin,TX,Sandwiches,30.30091,-97.7403,2,517,4.5
106,Eldorado Cafe,wQ8XK2NJAL2csx_LmZfz4g,Austin,TX,Comfort Food,30.362224,-97.74235715,2,495,4.5
107,Texas Coffee Traders,z6mbatIyCTaAxIvf_qzeIw,Austin,TX,Coffee Roasteries,30.26202,-97.72873,1,217,5
108,Tacodeli,H1yyjI2UiWD78WKKYwdiSw,Austin,TX,Seafood,30.40744,-97.71322,1,937,4
109,Troy ATX,PvsrQOlk1T6reEzpXzRmCw,Austin,TX,Turkish,30.3719209,-97.7565463,1,455,4.5
110,Chuy's,_V-VpV5AWREqop5b3hV8Hw,Austin,TX,Tex-Mex,30.263803,-97.763323,2,979,4
111,Second Bar + Kitchen,qU5gXGWVzLkebRXcr7ZWhg,Austin,TX,American (New),30.26459393,-97.74448951,2,1195,4
112,D K Sushi & Seoul Asian Food Market,rGf_fy3TP4jET3irLQHW3A,Austin,TX,Grocery,30.325165,-97.727198,2,574,4.5
113,Kurry Takos,aC6Wjr8aLCYMsqrHpP_gPg,Austin,TX,Food Trucks,30.253308,-97.712918,1,200,5
114,Lebowski's Grill,r9UEYY-nO-jQnqe_TUBPpA,Austin,TX,Burgers,30.37186,-97.72586,1,324,4.5
115,Culinary Dropout,43N-TKU1m-y4FljMA0VXCg,Austin,TX,Bars,30.403653,-97.721503,2,1125,4
116,Red Ash,XOo0oa5sXCZGjKXapIN95w,Austin,TX,Italian,30.26588,-97.744672,3,529,4.5
117,Musashino Sushi Dokoro,08wLD2pUdZV73zHywMpREA,Austin,TX,Japanese,30.2980839,-97.7475817,2,643,4
118,Heo Eatery,wApAjLkqBJ5sehzPovtEyQ,Austin,TX,Vietnamese,30.3308502,-97.72353016,2,320,4.5
119,Roaring Fork,Oj0dSJ9oL1jqf6Ud6cOYkA,Austin,TX,American (New),30.40064,-97.73747,2,1077,4
120,Paperboy,jmmzYxurOoA_K_RtanzQow,Austin,TX,Food Trucks,30.272754,-97.728223,1,401,4.5
121,Pueblo Viejo,Qn375GaXRU_6OCcD2z_uSw,Austin,TX,Mexican,30.2648785,-97.73394973,1,440,4.5
122,Waltons Fancy and Staple,iyeJrTWE3_Xtup77dC_Mtg,Austin,TX,Delis,30.26951,-97.749014,2,746,4
123,Wink,d9t0YcIVpw9KgsqkJLfsyQ,Austin,TX,American (New),30.275848,-97.752427,3,783,4
124,Revival Coffee,cMB8pX870DZzTNg1TSGRVA,Austin,TX,Coffee & Tea,30.26427,-97.72776,1,467,4.5
125,Halal Bros,1-0Jhx0QpzPk9cGcMYRUDA,Austin,TX,Middle Eastern,30.29252,-97.74165,1,574,4
126,Taco Joint,g6B2TZYS7JKKpNWPwVnwqw,Austin,TX,Mexican,30.2916114,-97.734951,1,403,4.5
127,Mount Bonnell,8ygBj0DQu5U_lIOc0iUUEQ,Austin,TX,Hiking,30.32104,-97.7735299,1,366,4.5
128,Habanero Mexican Cafe,PBfFmFy8C0WOtpHF_frVWA,Austin,TX,Mexican,30.24122,-97.75822,1,633,4
129,Torchy's Tacos,XjC5H-uKRrsctioXxuCMQQ,Austin,TX,Breakfast & Brunch,30.2936988,-97.7417964,1,840,4
130,Capital City Bakery,I1y3BOxQLqIFZYoOnrisSA,Austin,TX,Bakeries,30.25523988,-97.71990981,1,460,4.5
131,Barton Creek Greenbelt,htg3YbExMUWF9kcqNbVFMQ,Austin,TX,Parks,30.24397332,-97.80051033,1,255,4.5
132,Pinthouse Pizza,gKREdIgb5vB844iOtbzqBA,Austin,TX,Pizza,30.23604957,-97.795831,2,508,4.5
133,Enoteca Vespaio,0dIF4OMuWzq1ltvBVb-WeQ,Austin,TX,Italian,30.24732,-97.75079,2,782,4
134,Mother's Cafe & Garden,QaB_KE3IGv1xtsT4Oo3WUg,Austin,TX,Vegetarian,30.304374,-97.726005,2,909,4
135,El Alma,acMhW2yiFCNU6PoGiHxvPQ,Austin,TX,Mexican,30.2601,-97.75562,2,828,4
136,Stella San Jac,7_keO0r3oVj6hllofDUWfw,Austin,TX,American (New),30.26657628,-97.74052573,2,708,4
137,Cenote,_BbODcinangkwNvVwpvfuA,Austin,TX,Coffee & Tea,30.26055805,-97.73368124,1,711,4
138,Magnolia Cafe South,H2QGxJvWlf2f3HclvgT30A,Austin,TX,Breakfast & Brunch,30.24467389,-97.75190364,2,1516,3.5
139,Loro,He2KYtXXfaIR0nkCXH5xiQ,Austin,TX,Smokehouse,30.24775,-97.77127,2,855,4
140,Arpeggio Grill,OfgCuP2QN165d-EsrCCIYg,Austin,TX,Pizza,30.3309659,-97.7155318,2,715,4
141,Home Slice Pizza,8sEbM_ACHUbBsZ-TRZFXWA,Austin,TX,Pizza,30.3163524,-97.71839582,2,298,4.5
142,Torchy's Tacos,10dR2YozAl0Tiwt0FnBMng,Austin,TX,Breakfast & Brunch,30.24539554,-97.75155615,1,735,4
143,Wholy Bagel,SmNKuXHrcrojfKp8tS5DRw,Austin,TX,Bagels,30.22367064,-97.83878652,1,698,4.5
144,Michi Ramen,Pxz_Si1XOtBQWw5LTIGJtQ,Austin,TX,Ramen,30.33331,-97.72131,2,1220,3.5
145,Casey's New Orleans Snowballs,ZlIUV5wDsUrQJ1AgANG47g,Austin,TX,Ice Cream & Frozen Yogurt,30.3120767,-97.714964,1,299,4.5
146,Lucky Robot,HKi7fd2bTzZfVB_Dz9vGng,Austin,TX,Sushi Bars,30.250828,-97.748986,2,923,4
147,Fixe Austin's Southern House,97bK6WFJdJzy0oNNb3X6Hg,Austin,TX,Southern,30.26853,-97.74773,3,647,4
148,Town Lake Metropolitan Parks,4wRdoVx6KuZd2S4OZs4yJw,Austin,TX,Parks,30.27089473,-97.76485992,1,175,5
149,Granny's Tacos,5fI9ZzqzRLnMNYoTMjUGGQ,Austin,TX,Food Trucks,30.26426555,-97.72815851,1,197,5
150,Fonda San Miguel,z4fQL2IHUR4ENonH7A_9tQ,Austin,TX,Mexican,30.32545,-97.7435,2,824,4
151,Mandola's Italian,ZvYDNfxeJgnB0_9jwSAsxQ,Austin,TX,Italian,30.31593193,-97.73367962,2,909,4
152,Papalote Taco House,omzxJo2aWruaJo_82xTfkA,Austin,TX,Mexican,30.2435,-97.78188,1,527,4.5
153,Summermoon Coffee Bar,wP5mU6WLU5y6NVLm1NpPBA,Austin,TX,Coffee & Tea,30.39442,-97.72019,1,484,4.5
154,Via 313 Pizza - Rainey Street,rwm4sZS7IuCqhAq9qCBfag,Austin,TX,Pizza,30.257924,-97.738618,2,369,4.5
155,Sala and Betty,JW1gWHsnL1ClKpBOzGEu-w,Austin,TX,American (New),30.31318,-97.71476,2,462,4.5
156,Lazarus Brewing,C9QXRfi43sYP5lXkNGrM7A,Austin,TX,Breweries,30.26169,-97.72204,1,361,4.5
157,Kerlin BBQ,lD3_dT5rbdaVHCyTKB4dfg,Austin,TX,Barbeque,30.25790569,-97.72573765,2,315,4.5
158,Brown's Bar-B-Que,cxQEW0JaFDqOqkavm4zKXg,Austin,TX,Barbeque,30.24941,-97.76696,2,311,4.5
159,Casino El Camino,KjaK4CsJ_PypmVBncLwWAA,Austin,TX,Dive Bars,30.26636,-97.7377,2,1183,3.5
160,Chez Nous,BomU5ZTro4yjB4RLcLgzFg,Austin,TX,French,30.26648,-97.7385,3,490,4.5
161,The Backspace,8yWbiBG_nGm9XGklAtssUw,Austin,TX,Italian,30.26685,-97.74043,2,649,4
162,Aster's Ethiopian Restaurant,7iU8fc5BcQi7BJNBOWjKkA,Austin,TX,Ethiopian,30.28732,-97.72503,2,500,4
163,Las Trancas,cYsillXIBTJzaxxC3-5wJg,Austin,TX,Mexican,30.25969273,-97.73167133,1,298,4.5
164,Cosmic Coffee + Beer Garden,dDz2erKJ_Z2HMur0tQ_iJA,Austin,TX,Coffee & Tea,30.2274,-97.76272,2,280,4.5
165,Bartlett's,SRwJ6tNJ6r7hQ3uQ7hIBpQ,Austin,TX,Steakhouses,30.35670471,-97.73124695,3,696,4
166,Van's Banh Mi,MgIylzMhBjJ6XyGyz0iYFg,Austin,TX,Vietnamese,30.31739,-97.72109,1,186,5
167,Parkside,GdR9YyZ0e9VeP0r9C303SQ,Austin,TX,Seafood,30.26706314,-97.74032593,3,955,4
168,Gelateria Gemelli,eWZ8jj01Etcjd8Z9LtNbRw,Austin,TX,Gelato,30.26470184,-97.73213196,1,285,4.5
169,MezzeMe,D0a-5tvB43JItaD0cvImhA,Austin,TX,Mediterranean,30.3155528,-97.7332374,1,311,4.5
170,Firehouse Lounge,Nyt-CEuXN6yMgDbywso-RQ,Austin,TX,Lounges,30.268173,-97.741043,2,454,4
171,Bennu Coffee,gXip--EE80jF-sqdk5Aghw,Austin,TX,Coffee & Tea,30.27987,-97.71957,1,680,4
172,Caroline,#NAME?,Austin,TX,Bakeries,30.26873,-97.74217,2,601,4
173,SnoMo,xyVO973jt1bRk_3IpnYzzA,Austin,TX,Bubble Tea,30.38231142,-97.68802238,1,473,4.5
174,Amy's Ice Creams,G6H8NkJUkKAtfzn7KEb2Zg,Austin,TX,Ice Cream & Frozen Yogurt,30.27200756,-97.75447083,1,381,4.5
175,Sarah's Mediterranean Grill & Market,CR1wnucPvoWQtuAYVxUvyQ,Austin,TX,Greek,30.32455,-97.740112,1,488,4
176,Tio Pepe Chicken,blciQ1v3kP8wodDodFUe3A,Austin,TX,Chicken Shop,30.325292,-97.707955,2,229,4.5
177,The Original Black’s Barbecue,k8KHoiDklnXDtXvLyxbd-w,Austin,TX,Barbeque,30.29849211,-97.74126824,2,604,4
178,The Vegan Nom,XqNgfxyXP3kz8t3iG8ehZA,Austin,TX,Vegan,30.255168,-97.718217,2,424,4.5
179,Truluck's,A7M_2DiB8Xvj3NTs1RGfDg,Austin,TX,Seafood,30.39526625,-97.74543057,3,515,4.5
180,Licha's Cantina,fAw1VGWzFWGUVQRWWUZLwQ,Austin,TX,Bars,30.264108,-97.728966,2,551,4
181,Wheatsville Food Coop,xXEqYcnlf_L3efWpQByUog,Austin,TX,Delis,30.29761504,-97.74113989,2,361,4.5
182,Amy's Ice Creams,2ekSBeeosMbqJbihoqDfSg,Austin,TX,Ice Cream & Frozen Yogurt,30.2509499,-97.7489319,1,520,4
183,Jack Allen's Kitchen 360,GbsVsvABa4d3tDJRJdRs-Q,Austin,TX,Southern,30.33524346,-97.8075081,2,447,4.5
184,Gino's Vino Osteria,N20Ind9AWLbsCFFxtR_URQ,Austin,TX,Italian,30.307265,-97.706995,3,331,4.5
185,Gourmands Neighborhood Pub,o8cjmgX0RB6BQxjtnwevug,Austin,TX,Sandwiches,30.26265,-97.71539,1,514,4
186,Mango 8,hcIVCssKh9wXewUKMxSVPQ,Austin,TX,Shaved Ice,30.28778,-97.74554,1,254,4.5
187,Flower Child,UEOWANRUd-iODsW5Qzw1rA,Austin,TX,Salad,30.40318733,-97.72193903,2,523,4.5
188,Blenders and Bowls - Downtown,ShyA_yAfTtj8_WD5kZFo3g,Austin,TX,Juice Bars & Smoothies,30.265971,-97.741606,2,367,4.5
189,Whisler's,595Xi3naMPiCt0dWiT53Yw,Austin,TX,Cocktail Bars,30.26196738,-97.72268475,2,416,4.5
190,Vespaio Ristorante,3gYruqSQnMtCmF2DiXcEOQ,Austin,TX,Italian,30.24726,-97.75081,3,535,4
191,Eddie V's Prime Seafood,X7fLdR3A_0hJCBqv3-7O-A,Austin,TX,Seafood,30.389393,-97.752657,3,441,4.5
192,Pho Saigon Noodle House,1-WToB8DgyCljgukdaxUsw,Austin,TX,Vietnamese,30.37805092,-97.68732831,2,703,4
193,Bufalina,cM-qEu8khiRs_qzfGQsUPQ,Austin,TX,Pizza,30.2584294,-97.72879,2,510,4
194,Emmer & Rye,U72ZAUh47P1cX-91jqLpJw,Austin,TX,Tapas/Small Plates,30.25679588,-97.73917389,3,528,4
195,Citizen Eatery,h9JTj7NrcdJLC_pYqxruqQ,Austin,TX,Vegetarian,30.32169368,-97.73893936,2,448,4
196,Tuk Tuk Thai Cafe,XZb-K_pP8Roz8WIG2hPFEg,Austin,TX,Thai,30.21589,-97.79683,2,608,4
197,Justine's Brasserie,b3XX4atH_V0pA3ejH-6tUA,Austin,TX,French,30.253236,-97.700576,2,1046,4
198,Monkey Nest Coffee,szqma4QibwpVaA9fsE8soQ,Austin,TX,Coffee & Tea,30.32769,-97.73941,1,614,4
199,Epoch Coffee,krzzyozIVGC7pX1lfVO40w,Austin,TX,Coffee & Tea,30.3186,-97.72457,1,777,4
200,Cherrywood Coffeehouse,TQxHoUZNzVOoBnHm0aMkpA,Austin,TX,Coffee & Tea,30.29332,-97.71597,1,729,4
201,Tarka Indian Kitchen,a_4HzG8ycp5tmPzug6Mh0Q,Austin,TX,Indian,30.230872,-97.817546,1,892,4
202,The Jackalope,LXQiHzcMUxm4hp36v_Ah_w,Austin,TX,Dive Bars,30.26732,-97.73892,1,937,4
203,Zilker Park,FoIGEXfZ7I4XmG1mVA_xwA,Austin,TX,Parks,30.266957,-97.772854,1,219,4.5
204,Quack's 43rd Street Bakery,Xuyfcldi878hjqQPAOtlCA,Austin,TX,Bakeries,30.30471,-97.72653,1,680,4
205,Dai Due,Lcb9FB6Y_EhLEiJVUJ7tVA,Austin,TX,Butcher,30.28488713,-97.71678397,2,495,4
206,Upper Crust Bakery,OPFAHCE8zPxWf7-I132h1g,Austin,TX,Bakeries,30.3158,-97.74165,1,527,4
207,Russian House,BxsDjT2b2vcm-rvLDeO3Jw,Austin,TX,Russian,30.26603,-97.74023,2,558,4
208,Sa-Tén - Canopy,Xa4YAhSdEie3Qp6AK8QN7g,Austin,TX,Japanese,30.2619598,-97.6990253,1,347,4.5
209,Saigon Le Vendeur,jRdMmtb9jE_0QysMeEOnEA,Austin,TX,Food Trucks,30.2613163,-97.71457672,1,246,4.5
210,East Side Pies,KyYhQZjysb0TYibMIjYeGw,Austin,TX,Pizza,30.268782,-97.72407,1,627,4
211,Paco's Tacos,xFhkWmQZA2RRBiLv0Y_mRA,Austin,TX,Mexican,30.3075,-97.70581,1,574,4
212,Craft Pride,lnG403wPUtZr7fxHETB3Rw,Austin,TX,Bars,30.257925,-97.738777,2,451,4
213,Café Crêpe,HvWTntcf7Hz_BEW5zBN4-g,Austin,TX,Creperies,30.26385867,-97.74185481,2,809,4
214,Houndstooth Coffee,-4bP1UUgpZumIu6DZMaMzw,Austin,TX,Coffee & Tea,30.31058794,-97.74000994,2,523,4
215,Mayfield Park,JYLVkLzvwQfWhEUd0d7mqw,Austin,TX,Parks,30.31290881,-97.77193577,1,176,4.5
216,Phil's Icehouse,0oXuts9ew-_LN0F5c9M1YA,Austin,TX,Burgers,30.33218,-97.74032,1,519,4
217,Fukumoto Sushi & Yakitori,Uav2xHxqZZxy4eblNB--PA,Austin,TX,Sushi Bars,30.26470513,-97.73169535,3,373,4.5
218,East Side King,hT8ihPNLAasb5RIkUVcW0w,Austin,TX,Asian Fusion,30.2626674,-97.7251338,2,535,4
219,LBJ Presidential Library,BTiH03z-2Z9YOx5GeHqW_A,Austin,TX,Libraries,30.285823,-97.729263,1,220,4.5
220,Iron Works Barbecue,fP8YU03hNC4MfzPp8JVMYg,Austin,TX,Barbeque,30.26221321,-97.73894709,2,1067,3.5
221,Topgolf,I_ahD8eAsSUv2I6gO3l1fA,Austin,TX,American (New),30.39829889,-97.71756067,2,679,4
222,House Wine,lQ6GoixqjQq6kYXGsJ9NwA,Austin,TX,Wine Bars,30.26194,-97.75894,2,363,4.5
223,Taco Joint,V8B1lqK7IXULiOe-zuIpMw,Austin,TX,Mexican,30.25637,-97.74552,1,373,4.5
224,Chi'Lantro,2ZVSDvbFK2DNoZb9x7NlfQ,Austin,TX,Asian Fusion,30.252212,-97.763751,1,602,4
225,Luke's Inside Out,MM8QXW6JjW_tqxki0NnlXQ,Austin,TX,Sandwiches,30.25502,-97.76177,2,315,4.5
226,Shady Grove,kMdvUci8cLp7Pwwi682bDw,Austin,TX,American (Traditional),30.262983,-97.76193,2,925,3.5
227,Lin Asian Bar And Dim Sum,28RuK9yoG0k0LLGM7fqKQQ,Austin,TX,Asian Fusion,30.27281,-97.75799,2,411,4
228,Hula Hut,aq0aE997rfi6NMTuTcoyNQ,Austin,TX,Tex-Mex,30.29471208,-97.78439585,2,1504,3.5
229,Kemuri Tatsu-ya,yqL1P6wcSZYQAgpO3TfhBQ,Austin,TX,Izakaya,30.25379372,-97.71295166,2,613,4
230,Austin Beer Garden Brewing Company,mUPGTM4KZCyDpkqsZ-eKsg,Austin,TX,Breweries,30.24537536,-97.7689108,2,634,4
231,Cafe Josie,SCwzUgW_RUdahXNObknkTg,Austin,TX,American (New),30.27312129,-97.7571356,3,300,4.5
232,Pacha,GruGgKqo15Jpl9n7IDwU5A,Austin,TX,Coffee & Tea,30.317377,-97.7406,1,648,4
233,Batch - Craft Beer and Kolaches,fd3yGJTbSviei1TFgHGXUw,Austin,TX,Beer Bar,30.28716941,-97.70311955,1,215,4.5
234,Rollin Smoke BBQ,mWDRxwPt8HgOdrNyckv99A,Austin,TX,Barbeque,30.26288367,-97.7268981,1,207,4.5
235,Elizabeth Street Cafe,qR-kjkED4bnRSSMeg5k1gg,Austin,TX,Vietnamese,30.24979252,-97.75464393,2,1321,3.5
236,Estância Brazilian Steakhouse,N35x8TyRfRBQkv_W3eabVg,Austin,TX,Steakhouses,30.39326498,-97.7474884,3,632,4
237,Café Crème,g6Z8jugUqTHV_qc-_zEjDQ,Austin,TX,Coffee & Tea,30.23187,-97.73568,1,383,4.5
238,Botticelli's,Tyk1gQgcAJZAxivdT0XiQg,Austin,TX,Italian,30.2503552,-97.7491967,2,550,4
239,The Beer Plant,f5P9ufNH5mJz9BWj-sl8pw,Austin,TX,Vegan,30.2966658,-97.7676046,2,388,4
240,The Halal Corner,VjSUoCUZivCmCFkyywyPjA,Austin,TX,Halal,30.306236,-97.707646,1,410,4
241,Bananarchy,D7gQeIBGgxBjZNv2lLP81w,Austin,TX,Desserts,30.250734,-97.7542967,1,308,4.5
242,Balkan Cafe & Grill,JFfvSm9K8EG1z34c61Agww,Austin,TX,Modern European,30.3876,-97.68399,2,256,4.5
243,Kura Revolving Sushi Bar,tgjXDSQtQZsons4XlMR59A,Austin,TX,Conveyor Belt Sushi,30.33752942,-97.7176486,2,821,4
244,Pappadeaux Seafood Kitchen,WZYMlu0nyTRyZZd4DIwWFw,Austin,TX,Seafood,30.3253,-97.70515,2,709,4
245,Halcyon,sjtbU9h4T4Oc02BzCZ3U2Q,Austin,TX,Coffee & Tea,30.26696006,-97.74572086,2,799,3.5
246,Patika,PV3cJUqLNI6mGQfa3CAJWQ,Austin,TX,Coffee & Tea,30.24750785,-97.77262229,1,339,4.5
247,Mi Tradición,5AJevayxjC9a8poECTCCWg,Austin,TX,Bakeries,30.36354196,-97.71931683,1,332,4.5
248,Winebelly,75HV-KqCtn_oHeiLiGlO_w,Austin,TX,Tapas Bars,30.241377,-97.7589601,2,378,4.5
249,Noble Sandwich,LiwNTQrGos8ubI81T2FVvg,Austin,TX,Sandwiches,30.31908726,-97.73890531,2,520,4
250,La Condesa,IhsJHBMamH3wrjOdZSYu5g,Austin,TX,Mexican,30.2656391,-97.7477811,2,1366,3.5
251,Xian Sushi and Noodle,7CXy5h3u_aWsK9qov6B4rg,Austin,TX,Sushi Bars,30.30292927,-97.69896146,2,506,4
252,Clark's Oyster Bar,r0LLzy0DYJz02Nc4XCg7rw,Austin,TX,Seafood,30.273129,-97.757323,3,542,4
253,T22 Chicken Joint,O7a9CttwRV61f3NRZ6o9GQ,Austin,TX,Chicken Wings,30.34801,-97.73535,2,492,4
254,Contigo,0lpHYqjWvNZ1Z66Re3KNoQ,Austin,TX,Bars,30.28804,-97.70335,2,789,4
255,La Traviata,yRTwMbREScu8YhGaBfD1Bg,Austin,TX,Italian,30.265912,-97.744071,2,494,4
256,Donut 7,emGEJND3abhpSw554D4xaw,Austin,TX,Donuts,30.39442,-97.720187,1,230,4.5
257,The Carillon,gghrK_T4ulGBgJPtn2cbiA,Austin,TX,American (New),30.2818694,-97.74003574,3,280,4.5
258,Tumble 22,8Dga4I-cMTIsQtM2-5hT6A,Austin,TX,Chicken Shop,30.3480034,-97.7353473,1,302,4.5
259,HandleBar,UiDZIzI7qOz6BwlyGMtr-A,Austin,TX,Beer Bar,30.26661,-97.74204,2,344,4.5
260,Doc B's Restaurant + Bar,FbZLY5XASP9phByStRTSaw,Austin,TX,American (New),30.402758,-97.719745,2,406,4.5
261,Korean Grill,lx_ml9N0Bi8g2AJW1itfeA,Austin,TX,Korean,30.37891072,-97.68678427,2,444,4
262,Pete's Dueling Piano Bar,Fkow62xjmVdt8c7WOrk6ww,Austin,TX,Bars,30.26691612,-97.73862094,2,443,4
263,Peace Bakery and Deli,gFSYUocORZz4xJNq6AWN1w,Austin,TX,Mediterranean,30.381804,-97.687232,1,366,4.5
264,Biscuits and Groovy,FpyyZkQ2zr7zUvhjDwSTcQ,Austin,TX,Breakfast & Brunch,30.31410449,-97.71969909,1,580,4
265,Dragonbeard Kitchen,1LIsav2g98DhgYy5N5EM-A,Austin,TX,Asian Fusion,30.33103714,-97.66693756,2,230,4.5
266,Velvet Taco,gvpoFnaCq2J7TBXV7yFIkQ,Austin,TX,Tacos,30.40101,-97.72247,1,581,4
267,Torchy's Tacos,bwuSbB0PyXHDHHj6PA_QiQ,Austin,TX,Breakfast & Brunch,30.37072265,-97.75629016,1,831,4
268,Top Notch,Cssyygapm69vafj0IpaxEA,Austin,TX,Fast Food,30.351081,-97.733436,1,656,4
269,Saffron,vdfA3cRWZuQRQ9A7qIxHZw,Austin,TX,Indian,30.35501,-97.7555,2,385,4
270,S-H Donuts,wqowhFAa_8_k5l0xfqnkAw,Austin,TX,Breakfast & Brunch,30.30054,-97.68516,1,191,4.5
271,Torchy's Tacos,KJKGptN6mhZarT2SNGI1Kw,Austin,TX,Breakfast & Brunch,30.3233778,-97.7392263,1,496,4
272,Tiny Tails To You,yzf_33N7N02QRtxahqXi6w,Austin,TX,Petting Zoos,30.21939087,-97.74754333,1,139,5
273,Mellizoz Tacos,0-Y_m4TJZufHBVozbMOqbA,Austin,TX,Tex-Mex,30.25113,-97.754309,1,472,4
274,Quality Seafood Wholesale,9LPV0rSMkiPocCeOMB-DMA,Austin,TX,Seafood,30.31831,-97.71223,2,821,3.5
275,MAX's Wine Dive,6l3j3ZGUMhIKC-NNe3Fj8w,Austin,TX,Wine Bars,30.264254,-97.74129,2,925,3.5
276,Chez Zee American Bistro,zE0EGIsOdAO83xE3CypN-A,Austin,TX,Desserts,30.3367272,-97.7579259,2,895,3.5
277,Cow Bells,zZBCrufNELc9eZTfohARWQ,Austin,TX,Burgers,30.242325,-97.729232,1,251,4.5
278,Daruma Ramen,Xxj7YpKT4XdGpW77an3KJQ,Austin,TX,Ramen,30.26641045,-97.73639484,2,623,4
279,Hopfields,6e3UQmbqFLGWWDCI5VczCA,Austin,TX,Pubs,30.29855386,-97.74098936,2,450,4
280,Black Star Co-op Pub & Brewery,KQGeS22MTsuoWdPbVrUIIw,Austin,TX,Breweries,30.33817165,-97.71884501,2,726,4
281,Wholly Cow,BbDujOZvq3OjgsRROtaiDg,Austin,TX,Burgers,30.24292,-97.78384,1,555,4
282,Tyson's Tacos,jUiS3w1HX6qhEzNduA3oVw,Austin,TX,Mexican,30.30962298,-97.7153486,1,691,4
283,Curra's Grill,#NAME?,Austin,TX,Mexican,30.23709,-97.749441,2,1118,3.5
284,Thinkery,ceD_H21rhWixxulkK9Y5fQ,Austin,TX,Kids Activities,30.29782063,-97.70501864,1,276,4.5
285,BD Riley's Irish Pub Downtown,ygG_bZbeoyy893jzmHhPnw,Austin,TX,Irish,30.267727,-97.741123,2,413,4
286,New Fortune Chinese Seafood Restaurant,FYNrcBd9C_mNipttGxkhhQ,Austin,TX,Dim Sum,30.37763467,-97.6879827,2,516,4
287,Olive & June,cIbVQrylwj3Rljpka5AZ9w,Austin,TX,Italian,30.30726,-97.75113,3,574,4
288,Bats Under the Congress Avenue Bridge,#NAME?,Austin,TX,Landmarks & Historical Buildings,30.261741,-97.745163,1,462,4
289,ALC Steaks,TKEmPN45epfqtNQq6wY8Dg,Austin,TX,Steakhouses,30.27712,-97.75098,3,556,4
290,Houndstooth Coffee,GupWM1mEHLk6ls_9OUoS9w,Austin,TX,Coffee & Tea,30.26615398,-97.74302253,2,300,4.5
291,Suerte,KIHoGUfCOLhBFQVSAN4QSg,Austin,TX,Mexican,30.26228,-97.72331,3,373,4
292,Tiny Pies,4NvImtfnY-aIQRUe2cjbAA,Austin,TX,Desserts,30.32220528,-97.73930289,2,210,4.5
293,Taste of Ethiopia,yHhws1HFk4rgX8YhY5-B9g,Austin,TX,Ethiopian,30.22596509,-97.76191867,2,240,4.5
294,Hoover's Cooking,BRPcQEdlla9YaM4TPqkYrQ,Austin,TX,Southern,30.2843863,-97.720344,2,843,3.5
295,Lick Honest Ice Creams,MxzEl6SPSxTVzor_UXVAhA,Austin,TX,Ice Cream & Frozen Yogurt,30.34114229,-97.7383257,1,284,4.5
296,Skylark Lounge,Peyica9L2UpPvjhXM9F0Ng,Austin,TX,Dive Bars,30.2846205,-97.70491,1,186,4.5
297,BackDraft Pizzeria,Z5I1wDa_KnZEWQ8JSeqL0A,Austin,TX,Food Trucks,30.3852,-97.71196,2,225,4.5
298,Honest Mary's,BqmXzVm9klKNfy0HjmD-jw,Austin,TX,American (New),30.39447,-97.74826,2,392,4.5
299,Taco More,i-uz0Hv4kttlmb15iJRvNg,Austin,TX,Tacos,30.36793634,-97.70637559,1,317,4.5
300,Mary's Cafe,F4qWfjoGGUJ7ioVySu9org,Austin,TX,Coffee & Tea,30.2914204,-97.7269608,1,258,4.5
301,Buenos Aires Café - Este,OlB0841vj4V7Wje5tTtLWA,Austin,TX,Argentine,30.26414,-97.73044,2,616,4
302,The Driskill Bar,ai29zMnhhapQ_NrGckIzXQ,Austin,TX,Lounges,30.26807,-97.74168,2,370,4
303,Alamo Drafthouse Cinema Village,fD5uCmtXSMilFYvqmAdZOw,Austin,TX,Cinema,30.35963298,-97.73484114,1,584,4
304,Whip In,vcfLPwB8wpB_KNXl-27wrA,Austin,TX,"Beer, Wine & Spirits",30.23793596,-97.73943901,2,702,4
305,Lenoir,#NAME?,Austin,TX,American (New),30.24686,-97.75586,3,427,4
306,Kerbey Lane Cafe - South,_I-gzz4FEuU2XBygdWP7SA,Austin,TX,Breakfast & Brunch,30.2418,-97.78381,2,1007,3.5
307,Nancy's Sky Garden,5a_jB7LruuScswVL5kgMuA,Austin,TX,Asian Fusion,30.323041,-97.6950529,2,115,5
308,Wu Chow,nyDs0CD-lFysI3oIG9T5bw,Austin,TX,Dim Sum,30.2685155,-97.74784438,2,683,4
309,Trudy's,fL_ilXgNUq_j9vMpZwdcLg,Austin,TX,Tex-Mex,30.295775,-97.741048,2,915,3.5
310,Prohibition Creamery,STNf87wH--aqR1bnP8bymQ,Austin,TX,Ice Cream & Frozen Yogurt,30.26422,-97.72763,2,340,4
311,Tiff's Treats Cookie Delivery,IM15oB7zInJytQk2BfKRrg,Austin,TX,Desserts,30.28187,-97.74415,1,265,4.5
312,Mai Thai Restaurant,TIjRjj155FFcNixESdhNwg,Austin,TX,Thai,30.26427,-97.74127,2,578,4
313,III Forks,PL80RWPFTJpoOOdJ-LLawA,Austin,TX,Steakhouses,30.26435,-97.74676,4,448,4
314,Corona Coffee,YO2ZNZM1pccR0x_JVgYp3Q,Austin,TX,Coffee & Tea,30.31236,-97.70467,1,221,4.5
315,Texas Chili Parlor,CjvV9PzdSOk7gapnwS1Xww,Austin,TX,American (Traditional),30.27696,-97.74197,1,708,3.5
316,Magnolia Cafe,6KGBXOeSJYf9ePdyAUmx3g,Austin,TX,American (New),30.277692,-97.771822,2,836,3.5
317,Mi Madre's,BdsDcyOCcniu1WlOr32daA,Austin,TX,Tex-Mex,30.28412,-97.7189099,2,645,4
318,Rosita's Al Pastor,tHv6_4DKOV8sZnlvTrCN9Q,Austin,TX,Mexican,30.2418986,-97.7285184,1,392,4
319,Din Ho Chinese BBQ,i61ob7-OiiynnH2dsrpN1Q,Austin,TX,Chinese,30.361341,-97.715612,2,774,3.5
320,Italic,4Ia7fk4VWe3T-SDk4RVB2g,Austin,TX,Italian,30.2682,-97.74402,3,466,4
321,Con Madre Kitchen,AFmmjtNuVfEyP_BMmrcOtg,Austin,TX,Mexican,30.2370468,-97.7490891,1,261,4.5
322,Bombay Dhaba,vP2axJe0_0DVe33OLm0iqw,Austin,TX,Food Trucks,30.251903,-97.753903,1,267,4.5
323,Z'Tejas - Austin 6 STREET,pp73b2zGEwRbwSgYYvB2Dg,Austin,TX,Tex-Mex,30.272638,-97.756051,2,715,3.5
324,Cover 3,dsqmIQtNB21J3g-56mVmsg,Austin,TX,American (New),30.35868496,-97.73501587,2,653,4
325,Numero28,yPpHMQ-QJxEEOor9C5Fl_A,Austin,TX,Italian,30.2656718,-97.7484536,2,359,4
326,Midnight Cowboy,Ef-9J6ToOcrAJ6tL0Pn_HA,Austin,TX,Bars,30.266983,-97.740028,2,422,4
327,Kebabalicious,QjxEOAEqJkuCSmpBB2ZlgQ,Austin,TX,Turkish,30.26792615,-97.73849487,1,320,4
328,Radio Coffee & Beer,VLh3Hn6FSaqDr5WXFge6Eg,Austin,TX,Coffee & Tea,30.231538,-97.787778,1,633,4
329,Terra Toys,5Kq_q-tngZqhJbVbiYmpsg,Austin,TX,Toy Stores,30.357855,-97.731603,2,203,4.5
330,Stubb's Bar-B-Q,_JOSiG_X--3W0FWgPrHO0g,Austin,TX,Barbeque,30.26857,-97.73617,2,1285,3.5
331,Bistro Vonish,adhmQxDfyx3BaQ8jiUIB3g,Austin,TX,Food Trucks,30.31524932,-97.71659684,2,154,4.5
332,Phoenician Resto Cafe,f1UXpvAVRY4FtUS2Eo1edA,Austin,TX,Lebanese,30.2597553,-97.737549,2,293,4.5
333,Thai 2 U,_z6r--ulprSsH6IeVx_Epg,Austin,TX,Food Trucks,30.219516,-97.829436,1,156,5
334,Song La,2SbmgX5eHK4EMaIJmO1qbw,Austin,TX,Food Trucks,30.286232,-97.742502,1,125,4.5
335,Kung Fu Tea,Wp2FP2e9l-6ZnPdXSzcHxg,Austin,TX,Bubble Tea,30.37319512,-97.7284159,1,218,4.5
336,Workhorse Bar,ehaOHDQ6EzXavMCaQ0nXvw,Austin,TX,Dive Bars,30.31771,-97.721675,1,287,4.5
337,Juniper,i1GWpxJ1Phm2awhVaTkouA,Austin,TX,Italian,30.254867,-97.717182,3,322,4
338,Matt's El Rancho,AKmD2-SgVaHAltP8lLzavA,Austin,TX,Mexican,30.24514,-97.77924,2,1215,3.5
339,Caffe Medici,mO9pdG7ssRhObnb56MyZ_A,Austin,TX,Coffee & Tea,30.27954,-97.75937,1,333,4
340,Hi Hat Public House,F6b_O4-wtd3956YOvAoerg,Austin,TX,American (New),30.26023,-97.71893,2,230,4.5
341,Jim-Jim's Water-Ice,GCgnLwwI4b9cOee-vtK1aQ,Austin,TX,Ice Cream & Frozen Yogurt,30.26613,-97.73653,1,166,4.5
342,The Little Longhorn Saloon,wRitGLmWK86di83q6o8lCA,Austin,TX,Dive Bars,30.329585,-97.740064,1,213,4.5
343,Spider House Cafe & Ballroom,r-MdoGkMYp3Kt71E9MUiIA,Austin,TX,Cocktail Bars,30.295505,-97.741761,1,715,3.5
344,Tam Deli & Cafe,Kk_NDHsv75drldT28_EKaA,Austin,TX,Delis,30.35204,-97.70961,1,434,4
345,El Primo,4CApB_GqrraGweVr1FZtfQ,Austin,TX,Food Stands,30.24467,-97.75732,1,199,4.5
346,Figure 8 Coffee Purveyors,E8Y9xCwoxEYVmXOAj1dHeg,Austin,TX,Coffee & Tea,30.26690885,-97.71994411,1,205,4.5
347,River Place Nature Trail,88kosdu9NbLZnHrioyPSGg,Austin,TX,Hiking,30.3558918,-97.8650678,1,178,4.5
348,Tsukimi,NxLE-_uSPCRbdRoC1zcRVg,Austin,TX,Sushi Bars,30.4021972,-97.675699,2,167,4.5
349,Yogurtland Austin,mGVVbBW0e6NVyNxHRstz_w,Austin,TX,Ice Cream & Frozen Yogurt,30.356633,-97.73531591,1,162,4.5
350,Tous Les Jours,MFr9Wsasx6l1ENKJYMQSbw,Austin,TX,Bakeries,30.336092,-97.72015381,1,316,4
351,Zilker Brewing Company and Taproom,PntbqCQ291VVOsXM24ta3A,Austin,TX,Breweries,30.262096,-97.72454,1,207,4.5
352,Tommy Want Wingy,#NAME?,Austin,TX,Chicken Wings,30.260687,-97.738376,1,278,4.5
353,Aviary Wine & Kitchen,AMM36tDkea1sn8bntzyRkg,Austin,TX,Lounges,30.24824,-97.7715,2,223,4.5
354,The Buzz Mill,5XENCwJ9Xgw8BsfuWqOsSw,Austin,TX,Coffee & Tea,30.241682,-97.726864,1,447,4
355,La Patisserie,qUY04I5gDm5uyInd1mCizg,Austin,TX,Desserts,30.247668,-97.756206,2,393,4
356,Poke House - Austin,eMOy9BUQIUTGjKsytxAcGw,Austin,TX,Poke,30.4061981,-97.74630345,2,334,4.5
357,Tony's Jamaican Food,ATNVRZWUxp613GiHGsoA8A,Austin,TX,Caribbean,30.26878166,-97.72790527,2,220,4.5
358,Tarka Indian Kitchen,oW9b_NLLTY_vrg-y3EoE4g,Austin,TX,Indian,30.35699928,-97.73491144,1,508,4
359,Jacoby's Restaurant & Mercantile,Y6tpEFutDG3a-DHu2cJ7LQ,Austin,TX,American (New),30.2515,-97.70737,3,513,4
360,Caffé Medici,N_sZ_nR1eI2hBnILDjDYGQ,Austin,TX,Coffee & Tea,30.2646273,-97.74419188,1,282,4
361,Bob's Steak & Chop House,ZgIPuv43YvTMqNLW6Qj9QQ,Austin,TX,Steakhouses,30.26602364,-97.74604034,3,354,4
362,Austin Daily Press,8Gs5Civ8LpPKu_lc-bmn4g,Austin,TX,Delis,30.28021766,-97.72110933,1,259,4.5
363,Barlata Tapas Bar,LPYACwYAeHJdQIpxEtJYvw,Austin,TX,Tapas Bars,30.25222831,-97.76446672,2,599,4
364,The Capital Grille,2vppZx0rTDZtCzw-NljdRQ,Austin,TX,Steakhouses,30.26633,-97.74464,3,313,4
365,Maria's Taco Xpress,NvdLYZgLmqXYZaFx7KR9MA,Austin,TX,Tex-Mex,30.24591,-97.77835,1,575,4
366,Korea House,rFVXX2vRHhKmY6LpzpSeeQ,Austin,TX,Korean,30.359268,-97.73399,2,785,3.5
367,Dawa Sushi,y0TYw6j_-91OGXnDVYZ6ew,Austin,TX,Food Trucks,30.25167597,-97.75385184,1,146,4.5
368,Sao Paulo's Restaurant,4_Z2QGkLj5QICAaSv94gnQ,Austin,TX,Brazilian,30.29153133,-97.73500933,2,360,4
369,Bun Belly,XH2y4duYEvKsDqIq8-WDlw,Austin,TX,Vietnamese,30.31124,-97.71505,2,457,4
370,Tacos Guerrero,MiRr3aHDWpryg7YZC30hkg,Austin,TX,Mexican,30.2526512,-97.7129882,1,128,4.5
371,Chi'Lantro,HIs4Y4J9KHmMP_0_hiJekw,Austin,TX,Korean,30.32455931,-97.74005587,1,358,4
372,La Cocina de Consuelo,1mgAhLHRWJjJkJ2GbwrWUA,Austin,TX,Mexican,30.316091,-97.74143,1,355,4
373,Hut's Hamburgers,L0h_ZfYWqJbm5XC1OqeHuQ,Austin,TX,Burgers,30.27025491,-97.75118545,1,705,3.5
374,Eberly,vwwG4ZL46BBXeZMdrhi8PQ,Austin,TX,Bars,30.2587888,-97.75874496,3,421,4
375,Sawyer & Co,P45NurIP2ekDgQDBIyP9IQ,Austin,TX,Cajun/Creole,30.25133324,-97.70178223,2,541,4
376,Garrison,kCdONcIH6Fz5Gz3TmBWdTw,Austin,TX,American (New),30.26198,-97.73862,1,114,5
377,Baton Creole,BhflCXaNL7rBeUghfX5FBg,Austin,TX,Food Trucks,30.2651,-97.73155,2,210,4.5
378,Salata,aazeiYGC-BLm5OynjikcJg,Austin,TX,Salad,30.388883,-97.733055,2,232,4.5
379,Polvo's Mexican Restaurant,RKJq9UPMQhVoRMtnPdhiWw,Austin,TX,Mexican,30.24532,-97.75745,2,1377,3.5
380,Mugshots,sMl5mDAks5d1Zejfpxy2XA,Austin,TX,Dive Bars,30.2676,-97.73849,1,176,4.5
381,Foreign & Domestic,u5XqU3ys3nXd1Ee0XYKLWg,Austin,TX,American (New),30.3171071,-97.7196383,2,650,3.5
382,North Italia,PXDwg6vXCzmpqnht6qmAnw,Austin,TX,Italian,30.265803,-97.748895,2,288,4
383,Thunderbird Coffee,g3xgpfY6TtxL96xJTVmzOw,Austin,TX,Coffee & Tea,30.28441811,-97.71937561,1,408,4
384,Cypress Grill,z1gHWH13NqxfL893O5PfwA,Austin,TX,American (Traditional),30.22378214,-97.83894568,2,600,4
385,Mikado Ryotei,Qxf2f3JlIXtOKtU6_qnKlA,Austin,TX,Sushi Bars,30.37343,-97.72469,2,439,4
386,The B's Kitchen,OZgWsP7363rzGUad1c9HHw,Austin,TX,Vietnamese,30.2569908,-97.7249709,1,104,5
387,Halal Time,JM4gK13DvAzGpdPeae3wVQ,Austin,TX,Food Trucks,30.26311072,-97.72724807,1,100,5
388,Corner,Ye1lObLkfsb5-QhdSJYo7Q,Austin,TX,American (Traditional),30.264545,-97.74329,2,493,4
389,Red's Porch,cEIlyb9VYO34cJIf4VolvA,Austin,TX,Southern,30.23987,-97.78819,2,933,3.5
390,Holy Roller,89QLdUDKCn7GTzqIVUvRwg,Austin,TX,Breakfast & Brunch,30.26948,-97.74943,2,403,4
391,Halal Bros,fDagm540ieAAh5G9LA27Yg,Austin,TX,Mediterranean,30.393005,-97.706731,1,296,4.5
392,Copper Restaurant & Dessert Lounge,xFduQVg6jqxMs_OhcrbegA,Austin,TX,Desserts,30.40042,-97.72714,2,486,4
393,Anderson's Coffee Company,YAnvqg699tciMYsqQfqMjw,Austin,TX,Coffee Roasteries,30.30857468,-97.75042725,2,135,4.5
394,Zilker Botanical Gardens,jGuKvat6sca3atLc66rXMA,Austin,TX,Botanical Gardens,30.26628,-97.76895,1,236,4
395,Picnik,yrMcWGdGXwJdZlJmY83xyQ,Austin,TX,Coffee & Tea,30.2512818,-97.76594264,2,280,4
396,The Mean Eyed Cat,QRBfVSUKpqYTstxwV0xRzg,Austin,TX,Music Venues,30.27452,-97.76496,1,262,4
397,Amy's Ice Creams,NSDalToWWh3VsfYCjN77MA,Austin,TX,Ice Cream & Frozen Yogurt,30.30144882,-97.7392807,2,294,4
398,Flat Track Coffee,fSTLgWmOJ3ngs31aPGRpHQ,Austin,TX,Coffee & Tea,30.2577149,-97.7271767,1,166,4.5
399,East Side King,Fdn-JblBEB_3z856yLjlMQ,Austin,TX,Asian Fusion,30.24757576,-97.77505493,2,429,4
400,Don Japanese Kitchen - Austin,hsMSCuhbpw8w22T9alfV5w,Austin,TX,Japanese,30.29284,-97.7417399,1,222,4.5
401,Flightpath Coffeehouse,oth4c9c1bA71pxf_fD556g,Austin,TX,Coffee & Tea,30.31386,-97.71983,1,400,4
402,Brentwood Social House,bF8ExmkwsE3LyzZO9x8cWA,Austin,TX,Cafes,30.33220586,-97.73455933,1,205,4.5
403,San Francisco Bakery & Café,OJxWVI_240DS1Xyb-JK-uw,Austin,TX,Sandwiches,30.35947315,-97.7355981,1,343,4
404,North By Northwest Restaurant & Brewery - Stonelake,P3CFVL-yni3P74QtnHuVfA,Austin,TX,American (Traditional),30.39065,-97.73754,2,886,3.5
405,Torchy's Tacos,7b7OOWYTm6bAzbFEWbV5Cg,Austin,TX,Breakfast & Brunch,30.24167195,-97.78426527,1,465,4
406,The Grove Wine Bar & Kitchen,v87I5i4XxiCr9Ihiqkbc4A,Austin,TX,Pizza,30.29631849,-97.83285499,2,463,4
407,Taco Flats,HnyCxHXrCuZnlemW_1FrKw,Austin,TX,Mexican,30.330914,-97.740225,2,410,4
408,Black Sheep Lodge,HIhgfQtM9KXpjj1iZATxiQ,Austin,TX,Burgers,30.24837,-97.77118,2,655,3.5
409,Barfly's,45704GF8kDhKNoUvFGAnpg,Austin,TX,Bars,30.31670189,-97.7141571,1,258,4.5
410,Counter Cafe,VWGWxuLjmu3FBJFqC2_QGA,Austin,TX,Diners,30.2725857,-97.753714,2,594,3.5
411,Violet Crown Cinema,s1NIISfH0aZjYSxiPBsAig,Austin,TX,Cinema,30.26554,-97.74806,1,401,4
412,Lonesome Dove Western Bistro,BmiR8s9dHBDs47zIZ1LC_Q,Austin,TX,American (New),30.2673,-97.74428,3,244,4
413,Continental Club,WE13CwOp8Tir_82LBHwgeA,Austin,TX,Dive Bars,30.25049782,-97.74902344,2,341,4
414,Coco's Cafe,hug4QV-cEB6grXlPY2SBCA,Austin,TX,Taiwanese,30.36127858,-97.71563375,1,475,4
415,P. Terry's Burger Stand,KrL_ljyM3sa8YZTZ_1TdCA,Austin,TX,Burgers,30.26161105,-97.75856851,1,624,3.5
416,Nervous Charlie's,6cIzTqQGthBctMWzxLHwRQ,Austin,TX,Bagels,30.32317,-97.72758,1,223,4.5
417,Garage,JF6tshUSeH8U9eRDemzI7Q,Austin,TX,Cocktail Bars,30.2676758,-97.7440973,2,230,4
418,The Mediterranean Chef,6HVR1WjB9eejnIx8ZLFfAw,Austin,TX,Mediterranean,30.32987,-97.72806,1,174,4.5
419,Rice Bowl Cafe,4THc7ojs6ppNHKhLl74www,Austin,TX,Chinese,30.38252545,-97.68855077,2,633,4
420,Soto - South Lamar,fWgfmVcdwx_vY4wSphV1Lw,Austin,TX,Japanese,30.25576,-97.76252,3,185,4.5
421,TLC Austin,okamtsdTV_8ZgDbLtOSr9A,Austin,TX,American (Traditional),30.25576,-97.76252,2,254,4.5
422,Zhi Tea,W3Afc7vgpCkfTgMte_KLJg,Austin,TX,Tea Rooms,30.267079,-97.692381,2,158,4.5
423,Taverna,oAa1My9qUpw6Zss2Ye-1Fg,Austin,TX,Italian,30.26513,-97.74633,2,796,3.5
424,Kick Butt Café,LMpZdARWyOILtY_J2ZicyQ,Austin,TX,Coffee & Tea,30.32217882,-97.71386077,1,398,4
425,Juliet Italian Kitchen,mHHPfCZGRp4BQe_QvVno7g,Austin,TX,Italian,30.26184,-97.76006,2,487,4
426,Spun Ice Cream,2umRVmFsc7ZEB6KhZ1Ja_g,Austin,TX,Ice Cream & Frozen Yogurt,30.26266,-97.72113,2,325,4
427,Mongers Market + Kitchen,fTwvEZw8tvF73QxcX-5TdA,Austin,TX,Seafood,30.254511,-97.717614,2,326,4
428,TRACE Restaurant,ynulZGp0xjv1LMufQEigbw,Austin,TX,American (New),30.2651558,-97.7466468,3,429,4
429,Ramen Tatsu-Ya,7ZU9DwctpN_tkC7EOd3C-Q,Austin,TX,Ramen,30.26326,-97.72624,2,260,4
430,Lucy's Fried Chicken,8l0zeJCRfAL8BYrnDxPcJQ,Austin,TX,American (New),30.24051,-97.75335,2,930,3.5
431,1886 Cafe & Bakery,hpAOH8cmY5WHjnl8jGQ1dA,Austin,TX,American (Traditional),30.268032,-97.74195,2,460,4
432,Habesha Ethiopian Restaurant and Bar,IJDuykkbPXfKa9eixyol0Q,Austin,TX,Ethiopian,30.32127467,-97.7057905,2,302,4
433,Torchy's Tacos,tt9gTrwhd_3v6AoQesEZmw,Austin,TX,Breakfast & Brunch,30.222323,-97.840419,1,684,4
434,Yard House,EulwNBngDrkPvduuBJnPZw,Austin,TX,American (New),30.4053,-97.72308,2,533,4
435,Fleet Coffee,sup8P8WEyFFpEkFleTD-2w,Austin,TX,Coffee & Tea,30.26276704,-97.71437038,1,150,4.5
436,The Halal Gurus,363ZNWe9hyIlaLTk0T8HZg,Austin,TX,Halal,30.24191053,-97.75953819,1,226,4.5
437,Seventh Flag Coffee,xIlOv0vChZfmm5DW68pODQ,Austin,TX,Coffee & Tea,30.24971,-97.75528,1,306,4
438,Billy's on Burnet,Kp8dey7sWZKMU4dLJgaOQw,Austin,TX,American (Traditional),30.32202911,-97.73976135,1,368,4
439,Güero's Taco Bar,B-iYNDpW71lySdtDKoX0nQ,Austin,TX,Mexican,30.249373,-97.750189,2,1592,3
440,Hillside Farmacy,u5kXPgXAumLOl6zMFw3D_g,Austin,TX,American (New),30.26809311,-97.72691345,2,869,3.5
441,Genuine Joe,63uqZAAmP2Sq8odbKmOjEg,Austin,TX,Coffee & Tea,30.3541,-97.72729,1,333,4
442,County Line On The Lake,EKQMAqLW1rUfe8yY5YDQXg,Austin,TX,Barbeque,30.35712427,-97.78564541,2,730,3.5
443,NeWorlDeli,hzamnmFBJF9jnOVa4DGMKg,Austin,TX,Delis,30.30642,-97.73545,2,296,4
444,Bullock Texas State History Museum,DZXp8m38R0s9U3Saj4Qbcw,Austin,TX,Cinema,30.27977,-97.73858,1,258,4
445,Dan's Hamburgers - Austin,NmukLItypDHZTH3L89ZUAw,Austin,TX,Burgers,30.32483,-97.727184,1,324,4
446,Tacodeli,Ymr0gtRtsRZZwgxpIlr0Wg,Austin,TX,Breakfast & Brunch,30.34871599,-97.73514484,1,200,4.5
447,Mañana,F3v2FifOAl-ZPaFqoO5mrg,Austin,TX,Coffee & Tea,30.2474,-97.75006,2,149,4.5
448,ATX Cocina,hpttZ0nryCCmV1hxwN3ZGg,Austin,TX,Mexican,30.26494587,-97.74925853,3,273,4
449,Bombay Bistro,dQ80ktWSRj5UIk96bRUmWw,Austin,TX,Indian,30.3986895,-97.74741994,2,550,4
450,Baguette House,Z_H0pY1cU5A1YIiBZ963kg,Austin,TX,Vietnamese,30.37712434,-97.68681109,1,366,4
451,First Chinese Barbecue,BCoVE-SCPwbcA88BVxjuFg,Austin,TX,Chinese,30.37881353,-97.68646776,1,443,4
452,The Peached Tortilla,SIIzjxEP8-SMxVQPp8qPBQ,Austin,TX,Asian Fusion,30.32521248,-97.73834229,1,275,4
453,Dan's Hamburgers,yei4zDTuu21xxzvs2ig6tQ,Austin,TX,Burgers,30.23073,-97.7882,1,387,4
454,Gabriela's Downtown,#NAME?,Austin,TX,Mexican,30.2666,-97.73302,2,324,4
455,Cuba 512,yd6dmLkbX1Ycmy3VcDVzng,Austin,TX,Caribbean,30.209067,-97.816031,2,451,4
456,Cafe Nena'i,4CH5ZOCr8gyS7GZjhpWyhw,Austin,TX,Coffee & Tea,30.22724,-97.70237,1,145,4.5
457,Maggiano's Little Italy,_OvpwIXRqRXkVjCguyxgXA,Austin,TX,Italian,30.39556,-97.72694,2,705,3.5
458,Greater Goods Coffee Roasters,Bb9SwlpjCnwep7rphk-p1Q,Austin,TX,Coffee & Tea,30.25767,-97.71501,2,137,4.5
459,Fat Cats Organic Coffee And Dessert,s21VZ2u1LnzIHUCeBOHCxw,Austin,TX,Coffee & Tea,30.33849,-97.71895,1,205,4.5
460,The Steeping Room,DqH8YuvcQF4jbsSdkgDM1Q,Austin,TX,Breakfast & Brunch,30.31218,-97.73866,2,288,4
461,Ola Poke,pOm5-NnH13surto71-ivjw,Austin,TX,Hawaiian,30.335921,-97.720494,2,355,4
462,Yellow Jacket Social Club,t5lJ7FXMJDyoBYWDCsqD_w,Austin,TX,Lounges,30.26159,-97.72456,1,384,4
463,Caffe Teo - Gelato and Espresso,QF9-_EoCi2bVCBjLhd4gtg,Austin,TX,Coffee & Tea,30.306588,-97.745231,1,315,4
464,Conscious Cravings,abWx9PGjV84Q9RxJYAKoyQ,Austin,TX,Gluten-Free,30.25096,-97.75421,1,252,4
465,Li'l Nonna's,xdWHz4mqq1Htarg3dLOKBw,Austin,TX,Pizza,30.24168205,-97.72686768,2,131,4.5
466,Biscuits + Groovy - South,1VVujesB-UmR_84B5CBiOA,Austin,TX,Food Trucks,30.261005,-97.757362,1,188,4.5
467,Pho Thaison,8cKup9J1Ph3BHkACq8dBQA,Austin,TX,Vietnamese,30.35778921,-97.73304034,2,613,3.5
468,Bombay Bistro,3LBiMHGe9yTtg2qZj6nFyg,Austin,TX,Indian,30.2361178,-97.7952578,2,432,4
469,Joe's Bakery & Coffee Shop,GHo8JLtFJfIM-uhk8bRXZw,Austin,TX,Mexican,30.2610703,-97.7166672,1,334,4
470,BarChi Sushi,_7Jg-PLTf0d7u_IZiJ4ISw,Austin,TX,Sushi Bars,30.265278,-97.7454714,2,653,3.5
471,Via 313 Pizza - East Side,mbNRIX5ROAzeDAmCVM_xzg,Austin,TX,Pizza,30.26219,-97.72305,2,195,4.5
472,Intero Restaurant,MnO3YMUGAnkHm-iy5wo0mQ,Austin,TX,Italian,30.25380783,-97.71465332,3,164,4.5
473,Sap's Ver Fine Thai Cuisine,qU7elDB7uNRr6nKYcaAPOA,Austin,TX,Thai,30.33350915,-97.74089438,2,388,4
474,Bodhi Viet Vegan,8hGvAFOswW9f-uiWULlcxg,Austin,TX,Vietnamese,30.4173079,-97.69989624,1,122,5
475,Hi Wings,TxJxKvTD_vjpUAwW54h1EQ,Austin,TX,Chicken Wings,30.35507605,-97.73278217,2,147,4.5
476,Anthem,P2fi7qugfLPOFSxscpaAxg,Austin,TX,American (Traditional),30.26006,-97.73813,2,213,4.5
477,Pho Dan,FpzMEfjhCm8Y9JjaTx5X5g,Austin,TX,Vietnamese,30.38205574,-97.68751276,1,440,4
478,Poke Bay,h8Jg7-i0zwWPZwUSmr9Vjw,Austin,TX,Hawaiian,30.28284948,-97.74176851,2,122,4.5
479,Irene's,QjBJ4-iH3MUoPGXQqa9X2Q,Austin,TX,Bars,30.269838,-97.751213,2,424,4
480,The Blanton Museum of Art,m8bPWfql97px5p18HqXu6Q,Austin,TX,Art Museums,30.28090145,-97.73774644,1,187,4
481,Be More Pacific,t2fvNsYiHZ0uuO_O2vClPQ,Austin,TX,Filipino,30.36068,-97.74139,2,296,4
482,Poke-Poke,lJKM3V65LfbsmVvMp1JEaw,Austin,TX,Hawaiian,30.2318,-97.75932,2,334,4
483,Vince Young Steakhouse,O31SAvOOjle_RLvRpHDdmg,Austin,TX,Steakhouses,30.26485,-97.74115,3,445,4
484,Big Fat Greek Gyros,yVieoh-MxTE4eNzubNE9KA,Austin,TX,Greek,30.2583972,-97.7385941,1,215,4.5
485,Julie's Noodles,Q7mYMmlbhOWUIo6R6hy7qw,Austin,TX,Noodles,30.36114062,-97.71579572,1,284,4
486,Paper Route Bakery,lnwSczhscBoGm-UtJtJlTg,Austin,TX,Bakeries,30.26061507,-97.73361011,1,71,5
487,Dos Batos,WnP9a3Lj_wszdSyJuhernA,Austin,TX,Tacos,30.35692,-97.73525,1,479,4
488,Sugar Pine,bQbO4RPTcS50EzoLx2Y2QQ,Austin,TX,Japanese,30.36184,-97.71761,2,133,4.5
489,JINYA Ramen Bar,qDyZQ6mT1JajQ7_Yj7PeLw,Austin,TX,Ramen,30.40025083,-97.72327883,2,676,3.5
490,Kerbey Lane Cafe - University,fsqtrHKBUeucacxeX9FPaA,Austin,TX,Tex-Mex,30.29122,-97.7415,2,824,3.5
491,Hyde Park Bar & Grill Central,EwUahd4SYKdPH1p1Cpe5fg,Austin,TX,American (Traditional),30.30419,-97.72668,2,607,3.5
492,Toss Pizzeria & Pub,8SnpSe6YXHXE-Jo66bYKMQ,Austin,TX,Pizza,30.2363363,-97.762862,2,303,4
493,Jack Allen's Kitchen,M6_Jp6Xcf2z-j_Ay_GiHtA,Austin,TX,American (Traditional),30.3612,-97.73943,2,243,4
494,Crown and Anchor Pub,M8JeAAViy8nW9TrlTWyOIQ,Austin,TX,Pubs,30.29246,-97.73571372,1,282,4
495,D'Lites,khghDJpPqW5hG4IXr8sF4A,Austin,TX,Ice Cream & Frozen Yogurt,30.223735,-97.839451,1,150,4.5
496,Kismet Cafe,KYLDv6fOFhFMNvn-KGNrDg,Austin,TX,Halal,30.30005,-97.72136,1,207,4.5
497,Burrito Factory,CfXB2vQ0_wLzwhVUpkj-XA,Austin,TX,Mexican,30.28338814,-97.74131775,1,123,4.5
498,Pho Van,mOnesB4IF9j6-ZmHoOHOig,Austin,TX,Vietnamese,30.361322,-97.715629,1,336,4
499,Julio's Café,digUTaXtbnaO9rL1oCfhHQ,Austin,TX,Mexican,30.30495,-97.72617,1,366,4
500,Icenhauer's,JGjfjIHLxdLAc0InA0Hqww,Austin,TX,Bars,30.25936,-97.73824,2,339,4
501,Veggie Heaven,YXMIASWpa3v9baSd4iqFGw,Austin,TX,Vegetarian,30.27432,-97.76448,1,553,3.5
502,Revelry Kitchen + Bar,#NAME?,Austin,TX,American (Traditional),30.2637173,-97.72772209,2,187,4.5
503,Austin Chai Wala,DDX_MarslhZsF_1gWMBlYA,Austin,TX,Food Trucks,30.31497,-97.7414299,1,96,4.5
504,Polkadots Cupcake Factory,0b98YTfhRFLQGRA7GxfalA,Austin,TX,Desserts,30.29558,-97.74416,1,267,4
505,Takoba,9H0dtrIBFD2PAcS90367Xg,Austin,TX,Mexican,30.26413,-97.72737,2,747,3.5
506,Kebabalicious,QdprxDshnPvtNwo0y9oqIA,Austin,TX,Turkish,30.264476,-97.728304,2,232,4
507,Scotty's BBQ,0wu_75_1HQtIog3p2Qz_pQ,Austin,TX,Barbeque,30.253308,-97.712918,2,226,4.5
508,Budare's Venezuelan Food,Y5wIVVSb_iKvMDrk2OPUfQ,Austin,TX,Venezuelan,30.32118,-97.7395,1,91,4.5
509,Counter Cafe East,6nNseNdeC6QTKa6XloL3zg,Austin,TX,Breakfast & Brunch,30.2616692,-97.7215424,2,368,4
510,Pitchfork Pretty,cXfrjcNQ4msDvvR-9yFJaA,Austin,TX,Cocktail Bars,30.25343,-97.71351,2,214,4.5
511,Flower Child,aNX8OAI9CI662uxbWwsPHA,Austin,TX,Salad,30.2657509,-97.7488719,2,225,4
512,Tamale House East,irE73-NU8kJ35AvY-R9zig,Austin,TX,Mexican,30.26152963,-97.72440045,1,393,4
513,Galaxy Cafe,XZkLjHALlN0j7mFy2tgpQw,Austin,TX,American (Traditional),30.27937,-97.75999,2,376,4
514,Ichiban,SnfcwDrb5YyWqFhQ2i9SGw,Austin,TX,Sushi Bars,30.34921,-97.73588,2,343,4
515,Casa Colombia,aJpPFyqmYweduHwuMPu_tw,Austin,TX,Colombian,30.2608,-97.71482,2,323,4
516,P. Terry's Burger Stand,sOUbbSAwhfdZoGnSZqOlWw,Austin,TX,Burgers,30.30176,-97.74487,1,442,3.5
517,Mighty Fine Burgers Fries & Shakes,n85oc0lNQhEDomqhljmZqg,Austin,TX,Burgers,30.38982681,-97.73318599,1,591,3.5
518,Iron Cactus - Austin,tO3jMM7UApHkj6LtG0Rgng,Austin,TX,Mexican,30.26734,-97.73941,2,1043,3
519,Opa! Coffee & Wine Bar,lpEbPMtzuFgz-xZ6ZgHMYw,Austin,TX,Wine Bars,30.24899,-97.76946,2,444,4
520,Café No Sé,yH33eQMUlxsM2GDHA7Gmmg,Austin,TX,Cafes,30.24721006,-97.7504143,2,401,4
521,Shake Shack,pSUtTbKLtV8YhmJlmo66mA,Austin,TX,Burgers,30.25586609,-97.76175847,2,622,3.5
522,Giovanni's Pizza Stand,99QWPoYEE_qcy4aV7r7ILQ,Austin,TX,Pizza,30.243649,-97.782849,1,208,4.5
523,Four Brothers,Oc3yk8qaC8U3XR2eQE1m_A,Austin,TX,Food Trucks,30.2641,-97.76237,1,153,4.5
524,Veracruz All Natural,yHjaVbz6wjL1ahml12u4jw,Austin,TX,Breakfast & Brunch,30.37552275,-97.72931535,1,239,4
525,Tso Chinese Delivery,PpgP0TEv8gvJ3NUCrFyM3A,Austin,TX,Chinese,30.29564,-97.717253,2,193,4.5
526,Wright Bros Brew & Brew,x4kl3G0L-nGaDeCD013GnA,Austin,TX,Bars,30.26427054,-97.73303222,1,250,4
527,Vinaigrette,PhSdU1yYD3CcIy8DtPNxfw,Austin,TX,Salad,30.24157893,-97.75198739,2,338,4
528,MOD Pizza,rFSbSKU4nxVkX4wV_pbsCA,Austin,TX,Pizza,30.30342397,-97.69892069,1,225,4
529,Seoulju,XNPn1KRStDXxy7vc77Bp3w,Austin,TX,Bars,30.36465435,-97.69436248,2,171,4.5
530,L'Oca d'Oro,ZYtgu8IWHoAiO56vvxsiqg,Austin,TX,Italian,30.297251,-97.704674,2,346,4
531,Salt & Time,an4tPMzgOG-KwCXfAoKKWQ,Austin,TX,Butcher,30.26266,-97.72113,2,473,3.5
532,Me Con Bistro,YDawSup__BY0EekWbA9T6w,Austin,TX,Chinese,30.21296,-97.82943,2,323,4
533,Third Coast Coffee Roasting Company,BrE-SFYoYWQlwS3AvdnLBQ,Austin,TX,Coffee & Tea,30.21736,-97.76784,1,81,5
534,Cherry Creek Catfish,Bkf1orK8EPMFz813bdLRVQ,Austin,TX,Seafood,30.21468921,-97.79938845,2,376,4
535,Deckhand Oyster Bar - South,gYuTx4cB_5UutuWIGusmUQ,Austin,TX,Seafood,30.23507203,-97.7933468,2,422,4
536,Shu Shu's Asian Cuisine,M8f-9hj8lPWOIjTMwBqs0A,Austin,TX,Asian Fusion,30.3632364,-97.72855207,1,409,4
537,Andiamo Ristorante,T4GbWPx-KXi_6-xDrVT1BA,Austin,TX,Italian,30.382337,-97.723175,3,397,4
538,Irie Bean Coffee & Wine Bar,V6hXT5bXb8-jkeHNWirTqQ,Austin,TX,Coffee & Tea,30.24753072,-97.774888,1,185,4.5
539,Mrs Johnson's Bakery,nMcCoHAqw7KIrILBIkiWEQ,Austin,TX,Donuts,30.31011,-97.71519,1,417,4
540,Trudy's,SXe2EkxGmpnYC4HFIGKKeQ,Austin,TX,Tex-Mex,30.3706004,-97.72760928,2,903,3.5
541,Ranch 616,apNQUS92Vhsu8s5QUqdRQA,Austin,TX,American (Traditional),30.27044,-97.7483,2,484,3.5
542,Edis Chocolates,7sWyMdjajhUOT31MnA2mdg,Austin,TX,Desserts,30.36492,-97.74918,2,95,4.5
543,Hoboken Pie,7AFctw607BF-0gBxVht3Cg,Austin,TX,Pizza,30.26822,-97.73678,1,504,3.5
544,Austin Taco Project,00K-UTXqg9iDoMXB3QXh0A,Austin,TX,Tapas/Small Plates,30.26506,-97.73862,2,443,4
545,Olamaie,f6bsxIitCz6o2XgXeyYJLw,Austin,TX,Southern,30.2799,-97.74367,3,375,4
546,The Boardwalk Trail at Lady Bird Lake,BE4nLrG_7Irit2CCThi4tg,Austin,TX,Hiking,30.25034915,-97.73701519,1,79,5
547,Gravy,6nykVtoEZdnAK8jZL6taVQ,Austin,TX,Breakfast & Brunch,30.296589,-97.70729,1,154,4.5
548,Sushi Junai,uK3hclf6oje7rRAbUhPCLg,Austin,TX,Sushi Bars,30.279045,-97.741726,2,470,3.5
