,Business,Business ID,City,State,Category,Latitude,Longitude,Price,Reviews
0,Morimoto,t1w4qyqyfEdTPhoy-5t3FA,New York,NY,Japanese,40.74332,-74.00713,$$$$,2989
1,Up Thai,-OixbLnFLCzQclxCSbUQ8w,New York,NY,Thai,40.7698275926665,-73.9576330868512,$$,2119
2,Per Se,1DfbZ0VsSCg9g1KILmnvzQ,New York,NY,French,40.7681528889558,-73.9827629623657,$$$$,1600
3,Cafe Habana,NOh24SMS6k4pzNv8Ds7KDg,New York,NY,Cuban,40.722998,-73.994171,$$,3121
4,Junior's Restaurant & Bakery - 45th St.,U5hCNNyJmb7f3dmC1HTzSQ,New York,NY,Bakeries,40.7582662685627,-73.98654,$$,4364
5,Daniel,DZaN3bNWfwcm__sNw5bvDg,New York,NY,French,40.7667736797858,-73.967607,$$$$,1548
6,Mamoun's Falafel,L-IuiVoFMDSw2K6OAciP1g,New York,NY,Middle Eastern,40.7302874,-74.0004383,$,2344
7,L'Artusi,rp8S7scxOkVVeG7dNneMGQ,New York,NY,Italian,40.733714,-74.005068,$$$,1750
8,Eileen's Special Cheesecake,6G_NSMacAfdf-WYOpcQ4uw,New York,NY,Bakeries,40.7215431969029,-73.9972332037048,$,1563
9,Rubirosa,WG639VkTjmK5dzydd1BBJA,New York,NY,Italian,40.72275,-73.99622,$$,2036
10,Beauty & Essex,pfmAcS-g6SiNG0KlLvrqnA,New York,NY,American (New),40.72037,-73.98677,$$$,3367
11,Bryant Park,MJJi_5tGkWYI1VReTjhCCA,New York,NY,Parks,40.7538842911333,-73.9836510457098,0,1114
12,Izakaya MEW,klAhw3xLQi9GF1tf_HnS7w,New York,NY,Tapas Bars,40.7501853096499,-73.9863203465939,$$,2165
13,The Boil,tiSw-6DIm3-mMORyEIOVyg,New York,NY,Cajun/Creole,40.71974,-73.99339,$$,1839
14,Top of the Rock,36krOhexcsA8Uetoq52A7g,New York,NY,Landmarks & Historical Buildings,40.7593342608422,-73.9794015884399,0,1595
15,Wafels & Dinges,xJSH3EM1iZtOh4WZti4qjg,New York,NY,Belgian,40.7392845153809,-73.9989318847656,$,1532
16,Doughnut Plant,XskangHFq3JD9klJFuGH8w,New York,NY,Donuts,40.7444886,-73.9969095,$$,2455
17,Thursday Kitchen,fVbUVAiLiGgLA_nxBFxyww,New York,NY,Korean,40.7275,-73.9838,$$,1242
18,Sugar Sweet Sunshine Bakery,qVSOes5JoWc5_umv4nd4Hg,New York,NY,Bakeries,40.719851,-73.987011,$,2032
19,Carmine's Italian Restaurant - Times Square,22nKUyCIbpnzR6R3_g1ptQ,New York,NY,Italian,40.7574955824307,-73.9866844540098,$$,3583
20,Wah Fung No 1 Fast Food,X8ZS-dgiMIJvhwf9SaDnjw,New York,NY,Chinese,40.71735,-73.99457,$,1322
21,Top Thai Greenwich,wGFSTTB6b4MHJJUzBnVJeg,New York,NY,Thai,40.72977,-73.99939,$$,1239
22,Artichoke Basille's Pizza,vfYhEpp0x-DrNjC6GSJjPQ,New York,NY,Pizza,40.7321124557704,-73.9839056828882,$,3881
23,Grace Street,MKYhiSeXjahxh9O4Gqnimw,New York,NY,Coffee & Tea,40.7478576793883,-73.9865590631962,$$,2293
24,Soft Swerve,7-jMpWGUxPB8EEtmoqNdqg,New York,NY,Ice Cream & Frozen Yogurt,40.718223312785,-73.9911489933729,$,1563
25,Ample Hills Creamery,j051L3Ehkt8bPrO3YnEc1Q,Brooklyn,NY,Ice Cream & Frozen Yogurt,40.6785573557085,-73.9684746674535,$$,1328
26,Taim West Village,j0n_poMVZnODYOFviLbh0Q,New York,NY,Vegetarian,40.736002376347,-74.0019588366439,$,1501
27,Ladurée Madison Ave,_DcfYjnGffQI3iP1Be0kdA,New York,NY,Macarons,40.7707702252517,-73.9663760711639,$$$,1857
28,Keens Steakhouse,pQuZDnefX038xurT1BhDXA,New York,NY,Steakhouses,40.75071,-73.98652,$$$$,2455
29,Balthazar Restaurant,KgpOYAG-r_eDsQXFXt0nnQ,New York,NY,French,40.722730394629,-73.998330776327,$$$,2993
30,Jane,uoT2_Wrt1noD6kZOID7tUg,New York,NY,Breakfast & Brunch,40.72732,-74.00026,$$,3098
31,Saigon Shack,7Qvh0oFRsoqrO9qNlcMKXQ,New York,NY,Sandwiches,40.72969,-74.000629,$,2312
32,Pure Thai Cookhouse,MhceeLrM2_3mcKw5EGLY6A,New York,NY,Thai,40.764291,-73.988159,$$,2455
33,Bengal Tiger Indian Food,x0k5kFArHLijdY8-NEQ7Xg,New York,NY,Indian,40.763167,-73.977131,$$,1720
34,The Meatball Shop,P4hm-IKNMbBbtfWSvPf25A,New York,NY,Italian,40.721651,-73.988746,$$,2727
35,Anytime,VvsZAnEwU4c8Xkyrzx05Nw,New York,NY,Korean,40.74779,-73.98674,$$,911
36,Ess-a-Bagel,c3eMI4_o4dPDDhPV_ibBYQ,New York,NY,Bakeries,40.756300559255,-73.9703701025162,$,3400
37,Jean-Georges,PBUIaPtgnhmdHE3KHglK-g,New York,NY,French,40.7691122743293,-73.9814290717583,$$$$,1856
38,Joe's Pizza,uc5qQMzs96rzjK27epDCug,New York,NY,Pizza,40.730655,-74.002189,$,2404
39,Gotham Bar and Grill,_gzXNKarTxagBp6_PkmQKw,New York,NY,American (New),40.734186,-73.993696,$$$$,1563
40,La Sirène-Soho,FiRB9Ek3Xo9JHwXgBYITYg,New York,NY,French,40.7243642217227,-74.005708694458,$$$,1583
41,Breakroom,MfbVI5reXLIIs8Cc2HwgQw,New York,NY,Burgers,40.7166907225542,-73.9999440120647,$$,1554
42,McSorleys Old Ale House,QArou0r7CmLNPWYRA9ecog,New York,NY,Dive Bars,40.72884,-73.98965,$,1730
43,Sushi Yasuda,7EaiwMVaNdQibSs0yYkE5Q,New York,NY,Japanese,40.75113,-73.97347,$$$,2074
44,Roberta's,FhXjAc6nKLf414KxYujUHw,Brooklyn,NY,Pizza,40.705043534338,-73.93357123374,$$,2728
45,Bea,Rc1lxc5lSKJYd162JHNMfQ,New York,NY,American (New),40.7591968,-73.9923361,$$,2378
46,Grimaldi's Pizzeria,2ggi1luerd3Mf_C82JvCYg,Brooklyn,NY,Pizza,40.702583,-73.9932413,$$,4557
47,Sundaes and Cones,TPBTUvbBVUfJeEWWy1o1QQ,New York,NY,Ice Cream & Frozen Yogurt,40.730934,-73.989318,$,1464
48,JoJu,JlFbaMbMzsu7FA307mUIqg,Elmhurst,NY,Vietnamese,40.7407051700423,-73.8793501821476,$,1563
49,Milk & Cream Cereal Bar,cGx9CYLxw6fqUQU-MFup8A,New York,NY,Ice Cream & Frozen Yogurt,40.71958,-73.99654,$$,905
50,Barn Joo 35,xZ96vaoL-cQjfotmUKtjJQ,New York,NY,Korean,40.74964,-73.98582,$$,1725
51,Scarpetta,raqwXUBlnc0e8c7CYmxEJQ,New York,NY,Italian,40.744509,-73.9856,$$$,1851
52,Sakagura,7iY35991NhQ1AShJZCNZgA,New York,NY,Japanese,40.7516467024541,-73.9729489318165,$$$,1756
53,NY Pizza Suprema,-9NO2IDCJMyNGZMAQ1-VQw,New York,NY,Pizza,40.7502059936523,-73.9953231811523,$,1896
54,Marea,H_KyiRhwho8rdlw_R93_0Q,New York,NY,Italian,40.7674213694566,-73.9810554368179,$$$$,1968
55,Dutch Freds,SaYTVG7wHCMDBofHCgXPaA,New York,NY,Cocktail Bars,40.76071,-73.98793,$$,1377
56,Woorijip,ogCC-lJJYnwXDvKGmKZ6Sw,New York,NY,Korean,40.74747,-73.98648,$,2577
57,Raines Law Room,J4pAppaiXwCkbLOGc4wHww,New York,NY,Lounges,40.73869,-73.99462,$$$,1420
58,ilili,B55Ocx5RBWxo6AGSucYSIA,New York,NY,Mediterranean,40.74435,-73.98778,$$$,2325
59,Bogota Latin Bistro,96svxj2NIOrba2fBMZAqOQ,Brooklyn,NY,Gluten-Free,40.678165,-73.978976,$$,2115
60,The Alcove,MNNpsRXe7Wt5m3Jla9Wk0w,Sunnyside,NY,Gastropubs,40.7459065,-73.915103,$$,787
61,Sushi Nakazawa,zGAQqDu0Ak2khVYs9WdQxw,New York,NY,Japanese,40.7317465228689,-74.0045493828034,$$$$,1323
62,Max Brenner - New York,vbvtWBbO3Q-Q15w7aHxgVg,New York,NY,Desserts,40.7342670594805,-73.9910549187747,$$,4565
63,Veniero's,VtJd1l64kqUUyWacwK0J2Q,New York,NY,Bakeries,40.72941,-73.98454,$$,1978
64,Minetta Tavern,PYcL2z9gHj6-ZTlViT9Nqw,New York,NY,French,40.7300047976758,-74.0006073834151,$$$,2140
65,Di Fara Pizza,C8j0q4Ma_S5hBGuAI-aaww,Brooklyn,NY,Pizza,40.625093,-73.961531,$$,3343
66,Cheeky Sandwiches,gHdejB1Mx2P5UjAgZ6BT2w,New York,NY,Sandwiches,40.7158,-73.99169,$,1132
67,The MasalaWala,sCC7-hSdCkNPExejZT9BAQ,New York,NY,Indian,40.72191,-73.98666,$$,1416
68,Coffee Project NY,pimuUR-TEHIjUla3S3jemQ,New York,NY,Coffee & Tea,40.72699,-73.98922,$$,647
69,Bleecker Street Pizza,oJ_XSPZFpvIt6rvheSQl7A,New York,NY,Pizza,40.7320627016512,-74.0036552270137,$,2221
70,Momofuku Ssam Bar,1Ed-tb_0dBGrXfsYyehmvg,New York,NY,American (New),40.73169,-73.985846,$$$,2400
71,Peter Pan Donut & Pastry Shop,O0xFECgTDf1rbZzW9qUULQ,Brooklyn,NY,Bakeries,40.726086,-73.952308,$,1252
72,Olio e Piú,16ZnHpuaaBt92XWeJHCC5A,New York,NY,Pizza,40.733826,-73.999852,$$,1947
73,Raku,FlZ1zdVEKWv7dwqm8Uw8-w,New York,NY,Japanese,40.7264988089246,-73.9866526052356,$$,960
74,Taverna Kyclades,JEQ00qBAepe0oSiUBdfIew,Astoria,NY,Seafood,40.7753227,-73.909217,$$,2204
75,American Museum of Natural History,O1gHEYYSCULCcfJD9sLJqw,New York,NY,Museums,40.7812401294975,-73.9740586283456,0,2021
76,"Sal, Kris, & Charlie's Deli",uEjX8iic3W16rU3bRkCjyg,Astoria,NY,Delis,40.773326878163,-73.9113807678223,$,1015
77,Vanessa's Dumpling House,IhSVn0TaX8xXb3wcQ-fgcA,New York,NY,Chinese,40.71839,-73.9917399,$,2560
78,Jajaja,XipQLDbyTl5tsLlyzAWzug,New York,NY,Mexican,40.7141530317142,-73.9904247969389,$$,794
79,Beyond Sushi,FoR70YoGSb4_QavCe1WZEw,New York,NY,Sushi Bars,40.7329,-73.98588,$$,911
80,The Cinnamon Snail,urSuhjbH6DK2nvP08IESwA,New York,NY,Vegan,40.749584197998,-73.9916763305664,$,989
81,Tony's Di Napoli,5TX0X8w5ssIACU_pnBEq6g,New York,NY,Italian,40.75641,-73.98547,$$,1998
82,Boucherie West Village,s3jou_L_LVYGkNHiuhjlew,New York,NY,French,40.733063,-74.0028772,$$$,1262
83,John's of Bleecker Street,LF1QAuvpfX7KGQlg2zMg6Q,New York,NY,Pizza,40.73158,-74.00332,$$,1909
84,B Side Pizza & Wine Bar,c3D2ckzacnPtdGIM8tb-_w,New York,NY,Pizza,40.76394,-73.9883399,$$,1058
85,Stumptown Coffee Roasters,sSQ3dtC8nbfeT6srFiiIlA,New York,NY,Coffee & Tea,40.7456663381275,-73.9880916348562,$$,1377
86,Jongro BBQ,FZpm4_fbd6P984foOUejWg,New York,NY,Korean,40.747514,-73.986884,$$,1782
87,Banh Mi Saigon,MDMw0HFK3rgeGRl-FZC9Fg,New York,NY,Vietnamese,40.71936,-73.99667,$,1426
88,Williamsburg Smorgasburg - Saturday,gUJ6pHYd_fp2Ypq377P_vA,Brooklyn,NY,Food Stands,40.721021,-73.962177,$$,1093
89,Cafe Mogador,W4hobe10Fy54MKqmLaObEg,New York,NY,Moroccan,40.727258767439,-73.9845085144043,$$,1850
90,Zen Ramen & Sushi,mESab-FqL5QqSVsnX72asQ,New York,NY,Sushi Bars,40.75185,-73.98892,$$,1344
91,Shanghai 21,R26zweQ8-xoZS7iHkXQOvw,New York,NY,Shanghainese,40.7144199,-73.99889,$$,1588
92,Schmackary's,jz_FnuRpCNzfwwHHQ6Nbeg,New York,NY,Desserts,40.760153883881,-73.990944257291,$,1908
93,Luke's Lobster East Village,UXTTvSG3TVbSkbVGVtZ8dA,New York,NY,Seafood,40.7269401550293,-73.9852600097656,$$,1503
94,KazuNori  | The Original Hand Roll Bar,TBp9gdS6xEbSQqffVZ7iag,New York,NY,Sushi Bars,40.74519,-73.98824,$$,823
95,Trattoria Trecolori,DoSU8IPq-Py_YV3kYmXPfQ,New York,NY,Italian,40.75998,-73.98671,$$,2244
96,The Smith,C-8mGN7lt5rIraO5n-15ug,New York,NY,American (New),40.755165,-73.967868,$$,2496
97,Pies-n-Thighs,j9TdOBSQ1LRw8v3hW5fObQ,Brooklyn,NY,Southern,40.711191,-73.961424,$$,2789
98,Cha-An,5QgBCrAbXbM1ORiqZDrBPQ,New York,NY,Japanese,40.72947,-73.98813,$$,1739
99,The Dead Rabbit,RemvTpxalDjSew5HwmNzUQ,New York,NY,Cocktail Bars,40.70329,-74.01102,$$,1495
100,Momofuku Noodle Bar,HfJhenvKDi-ds8SUJFwrLg,New York,NY,Ramen,40.7292063820076,-73.9844848239426,$$,4178
101,Lucali,Q9F2ocrmYuGt1yn3M7MOBw,Brooklyn,NY,Pizza,40.6818,-74.00024,$$,1422
102,Tanner Smiths,z5hRX3iJ5Ty_S38iG_WY3Q,New York,NY,Cocktail Bars,40.76442,-73.98169,$$,1596
103,The NoMad Restaurant,1z5Nu66M6W8mk5Ap4osZwA,New York,NY,French,40.7449,-73.988482,$$$,1434
104,Brooklyn Bridge Park,riGhXci7Xo-Gp9gtl5IBYA,Brooklyn,NY,Parks,40.7016262778116,-73.9972114562988,0,512
105,Veselka,CVxz9B5ncpMwVK1bk_c1YA,New York,NY,Diners,40.7289505004883,-73.9869689941406,$$,2480
106,Xi'an Famous Foods,Gd3_3mxOvj2xYiqysV8rbQ,New York,NY,Chinese,40.72782,-73.98551,$$,1576
107,Aquagrill,IUvJ8jmojYu1FsOQ0PfFcg,New York,NY,Seafood,40.7253545576709,-74.0037010931698,$$$,1337
108,il laboratorio del gelato,HjZvV6WAdsusCRlY0iSxYg,New York,NY,Ice Cream & Frozen Yogurt,40.7222353582629,-73.9870632693115,$$,1288
109,Cafe Mogador,jAaVnUKLITkuhzwXIe0vLQ,Brooklyn,NY,Moroccan,40.719747,-73.959993,$$,1132
110,Babbo,-hUvO0C0A-pGZdiSKvjoFw,New York,NY,Italian,40.732283,-73.999284,$$$$,2365
111,88 Lan Zhou Handmade Noodle,Lbs8QBRN1U7IYBo5Mcv-RQ,New York,NY,Chinese,40.7155,-73.99675,$,1750
112,Pio Pio 8,OwV-MtDBC2H08rVcBqP2mA,New York,NY,Latin American,40.760506289326,-73.994564488901,$$,2284
113,The Seafire Grill,ryvBsB9FrBBZDak87iGS1w,New York,NY,Seafood,40.7547012104496,-73.972255513072,$$$,1187
114,Calle Dao - Bryant Park,LQHegfNHe7ylY3bocrFlpg,New York,NY,Cuban,40.752155,-73.984223,$$,1637
115,Friedman's,cCesIqo-LQt0cRlZAnrAZQ,New York,NY,American (New),40.748297,-73.990649,$$,2271
116,Luke's Lobster FiDi,kxykwx5qTWBhlMh18MQ82Q,New York,NY,Seafood,40.7046213003984,-74.0107793876969,$$,1114
117,Shake Shack,bL6gcUWgFt7mOZYT_FaGSg,New York,NY,Burgers,40.758412133689,-73.9891822636127,$$,3003
118,Sweet Chick,4KHjnRNvrkKHchEznhlnSA,Brooklyn,NY,Southern,40.718423,-73.9574279,$$,1918
119,Statue of Liberty,wB45aXh2cQlRWoKQzhWgeA,New York,NY,Landmarks & Historical Buildings,40.689577,-74.0445004,0,981
120,Queens Comfort,6Guo-aozyLnQFtAuP8ZXZg,Astoria,NY,Breakfast & Brunch,40.764561,-73.916839,$$,2051
121,The Lobster Place,zfiXI8AwYBRfWjPyv6oh3w,New York,NY,Seafood Markets,40.7427413905213,-74.0060118057704,$$,1282
122,Gyu-Kaku Japanese BBQ,bB8dHfAEJrF5tNcHr0yJjA,New York,NY,Japanese,40.72822,-73.99142,$$$,1667
123,Sushi Yasaka,HZWHBfeuP4Fb6y8b8uqnbA,New York,NY,Japanese,40.779583,-73.983482,$$,1699
124,Il Bambino,f8TZ_ctcSwxwW8S69YKnwg,Astoria,NY,Italian,40.76281,-73.92089,$$,1204
125,Sweet Chick,8F81LrdFm6P5kkFpsw0n0w,New York,NY,Southern,40.7217399,-73.98739,$$,1541
126,99 Favor Taste,Xf6e3HaP0AgMBxY7dEDkOA,New York,NY,Chinese,40.7176199,-73.99249,$$,1724
127,Dough,ZMQzXIiqdBIuicFySTWGKg,New York,NY,Desserts,40.73931,-73.99243,$,1451
128,La Lanterna Di Vittorio,V-FCEicobl5Su-R7EVJQNA,New York,NY,Italian,40.73069,-74.00015,$$,1427
129,Brooklyn Bagel & Coffee Company,pb_ryc8FYHpUPV56eV2Eyg,New York,NY,Bagels,40.746183,-73.997642,$,1354
130,Uva,OAqsZMbjv66nOMqlimnYuQ,New York,NY,Italian,40.7722,-73.95566,$$,2267
131,La Contenta,6Ct7OeTRn4caY9g0swFBsw,New York,NY,Mexican,40.71873,-73.98691,$$,710
132,Ice & Vice,HaRZCA7LK8BzG0buH2SaZA,New York,NY,Desserts,40.7142842719948,-73.9868737828033,$$,724
133,Snowdays,7jXNphhpZZ2YE37E9jP60g,New York,NY,Shaved Ice,40.7290310768554,-73.9847284555435,$,1148
134,Bohemian Restaurant,8fr5FYU1ip0phERt1mrekg,New York,NY,Japanese,40.72639,-73.99236,$$$,738
135,Cookshop,ssGhu4n3emZ9kEPVf371IQ,New York,NY,American (New),40.7454251,-74.0056084,$$,2045
136,Pylos,7xV4gzrgaOgQYtPC3FBZig,New York,NY,Greek,40.72608,-73.98415,$$$,1101
137,Quality Meats,kB-lmHs7yNwLIlQyp0kMmQ,New York,NY,Steakhouses,40.764958,-73.976206,$$$$,1920
138,Mighty Quinn's Barbeque,LsITU8KVYMhV_fatv84wWA,New York,NY,Barbeque,40.727574,-73.988623,$$,1726
139,Paulie Gee's,pGr5QuQU7Ur5GHLvXbT8bw,Brooklyn,NY,Pizza,40.729546,-73.958568,$$,1201
140,Red Bamboo,9DceMTrjyVqBgQRqgR6GWw,New York,NY,Vegetarian,40.7313183707867,-74.0003546456233,$$,1678
141,Buvette,xQ445GaWVN5Aa3sFX9OoIg,New York,NY,French,40.732704,-74.004317,$$,1672
142,Empire State Building,g2IUVjeIwx5x6x9u1cLS6w,New York,NY,Landmarks & Historical Buildings,40.7484,-73.9856644,0,1967
143,Maharlika,1_S2RxVWOidWcgbU2tBQBQ,New York,NY,Filipino,40.72695,-73.98611,$$,1478
144,Big Gay Ice Cream Shop,qZyHpLB9QVTWbHReujNfcg,New York,NY,Ice Cream & Frozen Yogurt,40.7264,-73.98411,$,1976
145,Prospect Park,Mn_as8S7-fJjahyn4AF6Pw,Brooklyn,NY,Parks,40.66553,-73.974029,0,555
146,Yuca Bar,AgAkUVLN_axMY-bzbNCfCw,New York,NY,Latin American,40.7262,-73.9836,$$,1748
147,Absolute Bagels,JV5oa5-KGdiWnqrKPoxSug,New York,NY,Bakeries,40.80251,-73.96745,$,1337
148,Shu Jiao Fu Zhou Cuisine Restaurant,lynQoI3w_pzYfHGeuUU-Qg,New York,NY,Chinese,40.7184290357839,-73.9916928979573,$,767
149,ChikaLicious Dessert Bar,mIhqKMgru4002wfrVW-Gfw,New York,NY,Desserts,40.729664,-73.98631817,$$,1307
150,by CHLOE. West Village,GtfhGhWmr1kQ4EnFTlwg7w,New York,NY,Vegan,40.729219,-74.001021,$$,1621
151,Crif Dogs,2n01u4yKfIrWuOzRVvIZmw,New York,NY,Hot Dogs,40.727157,-73.983718,$,2076
152,Frisson Espresso,HjGjGy3JhhRFcR7MaQLrjA,New York,NY,Coffee & Tea,40.7608108520508,-73.9889984130859,$,667
153,Shake Shack,wXpCNNTT2kqh-fTnSWXdEA,New York,NY,Burgers,40.7808207060578,-73.9765516723468,$$,2347
154,Jungsik,fVsH6QIJPzXpVbgmeiolsA,New York,NY,Korean,40.7185910158738,-74.0088844299316,$$$$,562
155,Del Posto,N-rwVhnEtXg8yY_TlB_KZw,New York,NY,Italian,40.7434155953035,-74.007533013261,$$$$,1398
156,Champs Diner,u_3TLN0u6LyOL01vdjFOug,Brooklyn,NY,Vegan,40.7084397372605,-73.9407808520115,$$,1441
157,Nyonya,M-odQWSEfsR2mVEw7nKG-g,New York,NY,Asian Fusion,40.7190148,-73.9968228,$$,2025
158,Los Mariscos,L3REPLCvQpMapYPd_fkS-A,New York,NY,Seafood,40.74207,-74.00565,$,534
159,Momosan Ramen & Sake,oTkzgr7hzOAdlP99Auj3GQ,New York,NY,Ramen,40.74993,-73.97746,$$,1537
160,The Little Owl,q1uIqB8PvyCCX8TajaRYBg,New York,NY,Breakfast & Brunch,40.7323808291402,-74.0053009986877,$$$,1248
161,DeStefano's Steakhouse,hthvpEL7JEbfxfD6iP9axQ,Brooklyn,NY,Steakhouses,40.71503,-73.94767,$$$,798
162,City Cakes,wQLNq8dQE4DxvUSQwzAagw,New York,NY,Desserts,40.74206,-73.99999,$$,633
163,Keste,d7Asc4q2ImoPlA_BhfroTQ,New York,NY,Pizza,40.73154,-74.00293,$$,1376
164,L'industrie Pizzeria,v1DHGRNCH9247WLYoaoA9A,Brooklyn,NY,Pizza,40.71162,-73.95783,$,473
165,Kam Hing Coffee Shop,nOCjslrdcKBQQYgD5qUs9Q,New York,NY,Bakeries,40.7182480993847,-73.9990044118685,$,631
166,Alta,XEugUtbw4rRmGr9S1XA-aQ,New York,NY,Tapas Bars,40.7345163811398,-73.9983369619683,$$$,1847
167,SriPraPhai Thai Restaurant,0L03onqNwxWLrbb_FCK79A,Woodside,NY,Thai,40.7464987,-73.8992328,$$,2276
168,Hometown Bar-B-Que,Ms3CAGddVbgetiQrpzqxPQ,Brooklyn,NY,Barbeque,40.6748965703426,-74.0160489746129,$$,1288
169,Num Pang Kitchen,-jYxfK6Q1k84uUCag83Fqg,New York,NY,Cambodian,40.73396,-73.99312,$$,1399
170,Fette Sau,mlGfXoxc8cEss8Yms6VrXg,Brooklyn,NY,Barbeque,40.714066,-73.956327,$$,2230
171,Brooklyn Botanic Garden,IMA18MENFeqdZc5YVh8njg,Brooklyn,NY,Botanical Gardens,40.669289,-73.963304,0,749
172,DOMODOMO,BPZfuPvSxCfoppU4lPFm0Q,New York,NY,Japanese,40.72803,-74.00167,$$$,972
173,Her Name Is Han,qY1o1MhoRyN84RRhUJtvpQ,New York,NY,Korean,40.74626,-73.98473,$$,1113
174,Breads Bakery,mU23NlQfn1R9OhA6WMe_xg,New York,NY,Bakeries,40.73661,-73.99181,$$,942
175,Root & Bone,ULt3kmA0_hbZ3j6cMORCaA,New York,NY,Southern,40.72272,-73.98334,$$,1546
176,Buttermilk Channel,rU9cKxAVU4Gd_JhAqp_bTA,Brooklyn,NY,American (New),40.675919,-73.999059,$$,1847
177,Cafe Katja,zo4mcEfVKaktdj_gnSFhGQ,New York,NY,German,40.7177673,-73.990589,$$,764
178,Pokeworks,_zGsfwGAY8ZTob_mIFAM-w,New York,NY,Sushi Bars,40.7515934305237,-73.98588180542,$$,1729
179,Ootoya Chelsea,OLSSJIp8pu5UlugTF7tuHA,New York,NY,Japanese,40.738767,-73.992778,$$,1348
180,Soco,oOsJn3leUnWDfErRWMf81g,Brooklyn,NY,Cajun/Creole,40.693866,-73.964535,$$,2060
181,Sushi by Bou Times Square,MmXZLVwWcYugi_TXSHmjeQ,New York,NY,Sushi Bars,40.75851,-73.98322,$$$,488
182,Xi'an Famous Foods,HScFap2SwbUlfC-QXVkxFA,New York,NY,Chinese,40.75606,-73.9808,$,1599
183,Lupa,yZJbealagfujEkgesAl2hA,New York,NY,Italian,40.7276,-74.000045,$$$,1483
184,Milk Bar East Village,RcqZmRj3mWiimohFnNA4Nw,New York,NY,Bakeries,40.7318893900159,-73.9857388595245,$$,3285
185,Minus10 Ice Cream,qfk_JyRqMmm6FDfoqN6GiA,New York,NY,Ice Cream & Frozen Yogurt,40.71407,-73.99857,$,1268
186,Amy Ruth's,tsiC3VpO-hZEb98Qk3p-DQ,New York,NY,Southern,40.80248,-73.95038,$$,2528
187,BCD Tofu House,gXnC_aZR09BvqEQKGKFjBg,New York,NY,Korean,40.747503631444,-73.9862447208321,$$,1934
188,Tsurutontan Udon Noodle Brasserie,J9UA6rzI5WW_cDGjwDnF5g,New York,NY,Japanese,40.73678,-73.9910699,$$,1697
189,Pommes Frites,uBGjcW-GuYy_qSvMykuISA,New York,NY,Belgian,40.730022,-74.000152,$,841
190,Pig and Khao,nxTEuWKzkK1tCF4LrhFSUQ,New York,NY,Filipino,40.71926,-73.98475,$$,1546
191,Pates Et Traditions,t-ODuKsmRseJoTEVKQzsdg,Brooklyn,NY,French,40.71485,-73.95466,$$,820
192,Ruby's Cafe,hGo9KArKThuOKxNbwmNpoA,New York,NY,Burgers,40.7223288,-73.996326,$$,1119
193,Seva Indian Cuisine,lxNU-aBq0yPwBDx-i89ahA,Astoria,NY,Indian,40.7653633,-73.9191014,$$,1161
194,Whiskey Tavern,c3Ww3pgeHjBi3ctkeUWrjQ,New York,NY,Whiskey Bars,40.71646,-73.99969,$$,766
195,Claw Daddy's,hfMtSdxRsC3JQP3yrm6nag,New York,NY,Cajun/Creole,40.722071,-73.98847,$$,1543
196,Nish Nush,d8zSYpArh4oXpxeJWNA4Pg,New York,NY,Vegetarian,40.715688,-74.007695,$$,687
197,Pisillo Italian Panini,8qSOz7oTPUUCafsMOBBNEQ,New York,NY,Italian,40.710558,-74.007594,$$,570
198,The Modern,_LJFf9YqpYxvExTvVxb7Rw,New York,NY,American (New),40.7610060884932,-73.9767725608521,$$$$,966
199,Butcher Bar,nkfUKb7oWQt54Uz9VQLhUg,Astoria,NY,Barbeque,40.76431,-73.9164,$$,1910
200,Ayza Wine & Chocolate Bar,srhEv1OqoK9W5JRdiMWDyw,New York,NY,Wine Bars,40.7471774721074,-73.987011312828,$$,1598
201,Zenkichi New York,DpZ7Xaub8Lhpg7VJdHaPpg,Brooklyn,NY,Japanese,40.71897,-73.96081,$$$,969
202,Hatsuhana Sushi Restaurant,6lUsFj0KCao678o9L7QwUw,New York,NY,Japanese,40.75703,-73.97692,$$$,1267
203,Gaia Italian Café,jdNdy-MwBtnXoBGC_JVvwQ,New York,NY,Italian,40.721653,-73.985346,$,968
204,Blue Ribbon Brasserie - SoHo,txSykTj5nbwmpiVNoK_Dyg,New York,NY,American (Traditional),40.725456,-74.003027,$$$,913
205,Cocoron,JhJLPp6KuBcD3CHCkEKJ_A,New York,NY,Japanese,40.72031,-73.99305,$$,972
206,Cask Bar & Kitchen,1LIptXhtDh58vAA-QPFL4w,New York,NY,Bars,40.745414,-73.979004,$$,1322
207,Raclette,5m-TrbqMNnwJvOd7pAt6OA,New York,NY,Sandwiches,40.7289298,-73.980601,$$,1264
208,Go! Go! Curry!,eRtceh_W_yniAfCqJni5Bg,New York,NY,Japanese Curry,40.75463,-73.99115,$$,1431
209,Blue Hill,4Objcs7HXSGuzpb0SOa-Jw,New York,NY,American (New),40.7320640251595,-73.9996931018524,$$$$,983
210,Mermaid Oyster Bar,qByYLfBKtNUIAui0eu-fNQ,New York,NY,Seafood,40.7287899,-74.00165,$$,1059
211,Jack's Wife Freda,Me4TxTbPPQZQopW1wOGx5g,New York,NY,Breakfast & Brunch,40.72213,-73.99756,$$,1823
212,Marc Forgione,DRitJoNGTkHXZvH_YpLIAw,New York,NY,American (New),40.71647,-74.0095599,$$$,904
213,Russ & Daughters Cafe,0rQz8mkleT62eUkiAVs4UA,New York,NY,Bagels,40.7196253171697,-73.9895758930263,$$,927
214,Freemans,w4cFJhUpjGXqqWBd3BbY4w,New York,NY,Breakfast & Brunch,40.721988,-73.992466,$$,2016
215,Alimama,oDRZt37ROqadlK3-VI0PfQ,New York,NY,Desserts,40.7158626896215,-73.9992850858479,$$,799
216,The River Café,4XX-zF8h5Lvrr22_tqU6-Q,Brooklyn,NY,American (New),40.70318,-73.9946499,$$$$,1091
217,Turntable Chicken Jazz,JeCtYANe0eqW8xe1SN3lWg,New York,NY,Chicken Wings,40.74828,-73.98649,$$,1953
218,TONCHIN NEW YORK,OFfZUS-nu6NDnsWe1B2bUQ,New York,NY,Ramen,40.7502727,-73.9844951,$$,915
219,Cuba Restaurant and Rum Bar,UKy0nNjMkOBEU3dOCH831w,New York,NY,Cuban,40.729084,-73.998832,$$,1510
220,Takashi,6qzNc9Z9DHYYleKqrW_K3g,New York,NY,Japanese,40.7313524,-74.0065048,$$$,971
221,Faicco's Italian Specialties,ADHX7nBixDPVlq3OXhny0g,New York,NY,Meat Shops,40.73113,-74.00306,$$,490
222,OBAO,NN3mOWF5e_pnR1ArqM2bHQ,New York,NY,Vietnamese,40.7606544,-73.991332,$$,2348
223,Nai Tapas,iTj5T_jPYvznd1QTgs7NZw,New York,NY,Tapas Bars,40.7267949,-73.9892815,$$,883
224,Ba Xuyen,O-zwQQV8AExgdPoJiqjpDg,Brooklyn,NY,Vietnamese,40.64528,-73.9997099,$,635
225,Toloache 50,Wx6lMnEh7dCmX-9PQF1Ifw,New York,NY,Mexican,40.762325,-73.9855741,$$,1865
226,Verlaine,XghOzJn16M-nvaKMOdC5og,New York,NY,Tapas/Small Plates,40.720079,-73.987785,$$,1402
227,Sweet Moment,UZViRVpxNZvOM5KarmbT1g,New York,NY,Coffee & Tea,40.71763,-73.99714,$$,751
228,Tasty Hand-Pulled Noodles,97q5nUQTuBo_h00XCxna2A,New York,NY,Chinese,40.7142,-73.99787,$,1555
229,Adrienne's Pizzabar,yH6t1JWcwkdWG4CS5KPvow,New York,NY,Pizza,40.7043362,-74.0101733,$$,1612
230,Mamoun's Falafel,3o0Jp9ttSpP1wu7Focs7xg,New York,NY,Middle Eastern,40.7288849575335,-73.988463348408,$,1150
231,The Spotted Pig,3LNcgFUGdwJil-KDQPZmdQ,New York,NY,Burgers,40.735611,-74.006673,$$$,2904
232,Barn Joo,FizBsTIAJwNrImIG1mPDcg,New York,NY,Korean,40.73684,-73.99069,$$,1524
233,Becco,QObHX0yR6zd0WfksRDbJTA,New York,NY,Italian,40.76083,-73.98981,$$$,2782
234,Please Don't Tell,aiRctIzCj9J3UqBHd-Z3HQ,New York,NY,Lounges,40.727098,-73.983763,$$$,1766
235,Very Fresh Noodles,oe8GEFE4QLFAKt87y7zcgA,New York,NY,Taiwanese,40.7423387008486,-74.00625,$$,872
236,Rockefeller Center,ZKDByTPdHjlZg0k5_ct4xA,New York,NY,Landmarks & Historical Buildings,40.7590151633732,-73.979138565745,0,755
237,Minca,raelHbSJ_gTo701c-KyXWg,New York,NY,Ramen,40.72412,-73.98288,$$,1638
238,The Mermaid Inn,4x_WyIOEdqxk01QH1HxYrw,New York,NY,Seafood,40.7269999,-73.98844,$$,1300
239,Ai Fiori,bEXTA_Gwo2oVg4gnFd9fNA,New York,NY,Italian,40.7500752,-73.9837835,$$$$,1217
240,Rizzo's Fine Pizza,nUpA3sY5b6dynC7aj0eV6A,New York,NY,Pizza,40.720852,-73.984456,$$,708
241,Vida Verde,Xjswj531-FkRZPpcccU6kQ,New York,NY,Cocktail Bars,40.7650089,-73.983215,$$,1023
242,Ample Hills Creamery,Xv4kqYmtB7svT0r1-ABlZg,Brooklyn,NY,Ice Cream & Frozen Yogurt,40.678907,-73.987319,$$,534
243,Gato,Ve9eysLcTjGLbKp7tjOd9w,New York,NY,Mediterranean,40.7255312,-73.9951947,$$$,1111
244,Locanda Verde,pk89jzL1RsE9U0thf_z6tw,New York,NY,Italian,40.7198601300801,-74.010039072422,$$$,1576
245,Luke's Lobster Upper East Side,yN5rHxaIZMk6KFrbDNgZgA,New York,NY,Seafood,40.7747308470083,-73.9545491922026,$$,1129
246,Blossom,Ohi-o00luDtU7TMpVtJHJw,New York,NY,Vegetarian,40.745513,-74.002365,$$$,1020
247,Cafeteria,UXVDyIzmO5kmJnlv-HDXLg,New York,NY,American (New),40.740567590122,-73.9980747946,$$,3241
248,Havana Central,al9HKZ3kCJipAJW4uxzj4A,New York,NY,Cuban,40.75831,-73.98416,$$,2175
249,Malatesta Trattoria,IErfGS0DASSJfYU73m0Sqg,New York,NY,Italian,40.73285,-74.00847,$$,1213
250,Lure Fishbar,aSFBv64GBpMOFPqIleeQFQ,New York,NY,Seafood,40.724612166991,-73.998574708004,$$$,1605
251,Brooklyn Heights Promenade,PAqdplgKhagEx9ewNDxjZw,Brooklyn,NY,Parks,40.6979309758759,-73.9971359844473,0,313
252,Van Leeuwen Ice Cream,NyFXsvNhwCwkqVfmCU5LJw,New York,NY,Desserts,40.7277,-73.98768,$$,920
253,Johny's Luncheonette,WKDdD8Z17-P1XhkyJtDEFA,New York,NY,Diners,40.7444458007812,-73.9930725097656,$,922
254,Laojie Hotpot,16heVvLqYfLpl8mC1RN3Bg,Brooklyn,NY,Hot Pot,40.6389709339157,-74.0046846944427,$$,501
255,Little Collins,1aD88qNRb08LGBkl84GQTA,New York,NY,Coffee & Tea,40.759912,-73.96964,$$,784
256,Benjamin Steakhouse,sSSV7G16yUijp-Peq4fmsA,New York,NY,Steakhouses,40.7518,-73.97896,$$$$,1148
257,Candle 79,MidK0WWI0_1tZL8AuR7Jhw,New York,NY,Vegetarian,40.774627,-73.958697,$$,1304
258,Kura,nEkVibaTuIFEcTNtltFgJg,New York,NY,Japanese,40.726709,-73.9835794,$$$$,454
259,Levain Bakery,QHYqNQhQ8NVK0RX68Y4PuQ,New York,NY,Bakeries,40.8049739,-73.9551513,$$,698
260,Casa Enrique,dgaNriM1VdI2nGochhHE_g,Long Island City,NY,Mexican,40.743404338358,-73.954350367693,$$,1123
261,Union Square Cafe,lXGCo-K7eftxRT_6E59-Iw,New York,NY,American (New),40.73775,-73.987874,$$$,1184
262,Petee's Pie Company,PWsU_ORsfcjeeUqocm9vQg,New York,NY,Bakeries,40.7192158508607,-73.9912822511308,$,696
263,Aunt Jake's,I2lgw_7DUnwD92ND4PN-Ow,New York,NY,Italian,40.7190315,-73.9977161,$$,1348
264,Le Barricou,TIjtmaeUZexPZvcBz73VCw,Brooklyn,NY,Breakfast & Brunch,40.71118,-73.95003,$$,1231
265,Trattoria L'incontro,1ZKbUeFAs0ltSnAYq4ELKw,Astoria,NY,Italian,40.7763330374196,-73.9105868339539,$$$,896
266,Patzeria Family & Friends,A2DV-AQIXRYUMu5Ak5mjxg,New York,NY,Italian,40.7615,-73.98754,$$,1020
267,Patzeria Perfect Pizza,DJSLGbSqCJ1W8ma3LFlMuw,New York,NY,Pizza,40.7594653910395,-73.9867857052142,$,1554
268,Bar Pa Tea,V49pn2KD8848gpSRMqLIww,New York,NY,Bubble Tea,40.72136,-73.99675,$,751
269,Beyond Sushi,TcuWyuZAORVnQBPCMNbTgw,New York,NY,Sushi Bars,40.76331,-73.97717,$$,634
270,Chobani SoHo,z9sRnN1gPyxz9SJ52XDWoQ,New York,NY,Coffee & Tea,40.7256895490098,-74.0010523796082,$,648
271,Churrascaria Plataforma,VnjcxOUuZAeJMiDIU-7hUQ,New York,NY,Brazilian,40.76202,-73.98765,$$$$,1324
272,Bosie,9HkUue6kUfTIQUlLynWLMQ,New York,NY,Coffee & Tea,40.7277403,-73.9995539,$$,912
273,Hangawi,xWUL-j6TQyKQHIfOtetu-Q,New York,NY,Vegetarian,40.746737,-73.984662,$$$,1121
274,Levain Bakery,TuRPkrvAut11wfz1N3Sm7Q,New York,NY,Bakeries,40.781532,-73.979286,$$,475
275,Zest Sushi,ZfuZ2byArGq-5j8zX8Afeg,New York,NY,Sushi Bars,40.7178344726563,-73.9899597167969,$$,793
276,Harney & Sons SoHo,OiqGAhC5EQXb1CaNxxvfBQ,New York,NY,Coffee & Tea,40.7214398332376,-73.9994008558221,$$,709
277,Despaña,cUyfnb3E7HvzNfbTgTjl_Q,New York,NY,Specialty Food,40.7210686,-73.9979083,$$,560
278,Fish,RLJ5BUm89VySJWHHvmSzEQ,New York,NY,Seafood,40.731734,-74.003463,$$,1423
279,Employees Only,SjG7CnTIuUBIo9T4BThkGQ,New York,NY,American (New),40.73343,-74.00617,$$$,1425
280,Beard Papa's,JaFHhBaCNRJYaGW9zeFQCQ,New York,NY,Bakeries,40.7822263,-73.9811905,$,803
281,MUD,S-WdvEU1X7J33whXWk1zmw,New York,NY,Coffee & Tea,40.72905,-73.98668,$$,1144
282,Five Leaves,1Q3oaJahyGRogDWgpo7PIw,Brooklyn,NY,American (New),40.72371830945,-73.95159863632,$$,1576
283,The Thirsty Koala,iNiq1vgWpEa48jlPAce8wQ,Astoria,NY,Australian,40.774416,-73.908739,$$,1048
284,Bobwhite Counter,nD7Hcq5aaCASbWzc0-Sg3A,New York,NY,Southern,40.72362,-73.97893,$$,749
285,Radegast Hall and Biergarten,TOaQzGPAIQWQUIXi4CPnbA,Brooklyn,NY,Pubs,40.716641,-73.961498,$$,1310
286,THEP Thai Restaurant,O1fUmxt3kbV-rnyjBtzAfw,New York,NY,Thai,40.77078,-73.95727,$$,721
287,Barboncino Pizza & Bar,xRiLLXjeM2wOvVTYJH2__A,Brooklyn,NY,Pizza,40.67206,-73.95717,$$,910
288,Parker & Quinn,IOHaEgK1zDvUvB3SfKuGCw,New York,NY,American (New),40.7525862175813,-73.9850713153442,$$,1287
289,Shanghai Dumpling,x_t-FtDa5HVgc-wecp0HBg,New York,NY,Shanghainese,40.71726,-73.99721,$,2109
290,Cannelle Patisserie,4jtWfrGODTtbg5sar4cjPA,East Elmhurst,NY,Bakeries,40.76017183023,-73.8920721786869,$$,729
291,Washington Square Park,bJQZKARP-Xn2AEqNNMe9OA,New York,NY,Parks,40.7307873410831,-73.997597694397,0,550
292,Blue Ribbon Sushi,QR1YIRzFjd2bi5iBzT9zXg,New York,NY,Sushi Bars,40.72612,-74.0025299,$$$,1076
293,Baba's Pierogies,eIbKiQuExi12NcGeqMzQAw,Brooklyn,NY,Modern European,40.67687,-73.98633,$$,373
294,Gelso & Grand,MphfKkYFEe0BDQ6hZ0A5fA,New York,NY,Italian,40.7194089547259,-73.9973777877722,$$,834
295,Olea,l9b8NbDyhKhnjLKtUwlPwQ,Brooklyn,NY,Breakfast & Brunch,40.6877844,-73.9706046,$$,838
296,Cafe Luluc,mv8dMMzzrzalso3sYCP_QA,Brooklyn,NY,French,40.68447,-73.99214,$$,1345
297,Tom's,Vx9jsY90nQ9PCKBa1aCt9w,Brooklyn,NY,Diners,40.674491,-73.963439,$$,1277
298,PMF Pardon My French,TGP5gbAgml0IDRLGCpFnCw,New York,NY,French,40.72473,-73.98115,$$,932
299,Maison Premiere,O4rYM6YBj90W2u7RhG3Mvg,Brooklyn,NY,Seafood,40.7142031,-73.9614855,$$$,1122
300,The Grey Dog,QpkKEFHK5dz8XT-osEXgJw,New York,NY,Breakfast & Brunch,40.740624,-74.000648,$$,1072
301,BoCaphe,C2o3Iw-DXjoUJFgQIbiqkQ,New York,NY,Vietnamese,40.722046,-73.997557,$$,1288
302,Amorino Gelato,szW5qGJZEmjEf_70tu5XUA,New York,NY,Gelato,40.7328781769148,-73.9938826429885,$$,883
303,Luzzos La Pizza Napoletana,eVk4F9ixl89zyUHJ1G2Aiw,New York,NY,Italian,40.730616,-73.9834846,$$,1023
304,The Flatiron Room,3Ic4C60oSH1cV2jknUXSjQ,New York,NY,Lounges,40.74452,-73.99049,$$$,762
305,Pepe Rosso Social,04exhf1PZ79_Km9vHAzvfA,New York,NY,Italian,40.72007,-73.99618,$$,809
306,Morgenstern's Finest Ice Cream,1lNt64-Qu4tTwr3JdF-7Iw,New York,NY,Ice Cream & Frozen Yogurt,40.7215872315503,-73.9931092527003,$$,1462
307,Takahachi Bakery,GlPJPpKvPR4d8dmcSEYpdA,New York,NY,Bakeries,40.71393,-74.00822,$$,871
308,Sea,QVWmn5jmy_TPmg0G71Dk5g,Brooklyn,NY,Thai,40.71807,-73.960044,$$,2955
309,Carroll Place,WHQpLvxkCK_BMtF8pIShnQ,New York,NY,Italian,40.7287,-73.99971,$$,1005
310,Boqueria Spanish Tapas - Flatiron,qIOAlXCCYrwN0VxEEH-Tmw,New York,NY,Spanish,40.7402927726298,-73.9940709810079,$$$,1209
311,Craft,Rgm8BwcoqfIVSl2QSEOhbQ,New York,NY,American (New),40.73818,-73.98866,$$$$,994
312,Sons of Thunder,lESxFswvOPUFUzj6HsTnqw,New York,NY,Hot Dogs,40.74786,-73.97589,$$,745
313,Pearl Oyster Bar,6dSiCqC9x51PZRMOvdQTpA,New York,NY,Seafood,40.7314099,-74.00197,$$$,820
314,Ipanema Restaurant,-udRA8VRsQJoIaT-kxCrGg,New York,NY,Brazilian,40.757072217349,-73.9807795529175,$$,1298
315,The Drunken Munkey - UES,9pMhRYYgV7E9L7pzECtJKA,New York,NY,Indian,40.78098,-73.94751,$$,951
316,Ayada Thai,fRO4Fwe5uRAajMcTwLbVkA,Elmhurst,NY,Thai,40.7433662414551,-73.8876037597656,$$,1124
317,Il Corallo Trattoria,J0OeDwmh5JBhid0A5GvltA,New York,NY,Italian,40.7262073,-74.0018919,$$,921
318,Death & Co,H1QphdrrsaB472y9HXi2Ow,New York,NY,Lounges,40.72589,-73.9847,$$$,1484
319,Gallaghers Steakhouse,hk3ohp_A4L4UgWTexDxf_Q,New York,NY,Steakhouses,40.762876,-73.983837,$$$,1088
320,The Smith,k5NAz3-goMXKoUqPfOZ1Hw,New York,NY,American (New),40.7310675,-73.9886217,$$,1907
321,Num Pang Kitchen,cxtg17yy1YFt8gHRckUQcw,New York,NY,Cambodian,40.7503831245874,-73.9761078759491,$$,1117
322,Coppelia,vgg1dvDP-9tFWSacN4q0nA,New York,NY,Cuban,40.73897,-73.99995,$$,1291
323,BaoHaus,B3i4zs5wquFu1UZyzYJ-bQ,New York,NY,Chinese,40.7324690923782,-73.9857136011124,$$,1918
324,Stuffed Ice Cream,0kH1mGuqIb5rOrvCKGsWtA,New York,NY,Ice Cream & Frozen Yogurt,40.72805,-73.98538,$,640
325,Rudy's Bar & Grill,4nohlTsGHEDdpwYkRTt-fA,New York,NY,Dive Bars,40.76004,-73.99182,$,1071
326,Boba Guys,9_PfzNxJP2iqqJs8hDubgw,New York,NY,Coffee & Tea,40.720657,-73.984542,$,650
327,Rincon Criollo,zekbMn7KWtzxTFLtfEqb1w,Corona,NY,Cuban,40.7489644,-73.8690814,$$,771
328,Taboonette,owYYuyLvlsdjLz68c3SSfg,New York,NY,Mediterranean,40.7347009,-73.9927323,$$,823
329,Housing Works Bookstore Café,O4UeWRZLKuS3GRC4ELJRog,New York,NY,Bookstores,40.72454,-73.9965931,$,568
330,Culture Espresso,N4Pss0mR4ygDOoSRpM2FQA,New York,NY,Coffee & Tea,40.7521922375529,-73.985756306206,$$,909
331,Xixa,Ck09FempamAKGSPsV_bX-A,Brooklyn,NY,Mexican,40.7104,-73.95854,$$$,555
332,Brindle Room,sVG1whNWHhlbjP6p027YcA,New York,NY,American (New),40.72829,-73.98271,$$,1000
333,Vezzo,J38XGzriEkMsDfCMt6et_g,New York,NY,Pizza,40.7445,-73.98139,$$,1250
334,Flex Mussels,rHmeJVffuj96M7jbB-wWgw,New York,NY,Seafood,40.737437,-73.999661,$$,886
335,Café Zaiya,bJgl6cDIBIMlgrntQbxt1g,New York,NY,Japanese,40.7523,-73.98043,$,1174
336,Pegu Club,B2S5HWRfxe9G-BhKJix9Yg,New York,NY,Lounges,40.726579,-73.999861,$$$,988
337,Arepas Cafe,_uln4MCsceNH4dCQNoALNQ,Astoria,NY,Venezuelan,40.755835,-73.927691,$$,876
338,Song E Napule,15k7iqFbhf4h8L01yggLqg,New York,NY,Pizza,40.72813,-74.00188,$$,425
339,Yakitori Totto,YC-wGlO0oOkEIaCEDZv-ag,New York,NY,Japanese,40.765375,-73.983114,$$$,1274
340,Brooklyn Museum,Wy010IeikcMCGxL-leLZFA,Brooklyn,NY,Art Museums,40.6714058033045,-73.9636778798943,0,594
341,Osteria Morini Manhattan,KCBfW6sWl9Gx-LvMff08jg,New York,NY,Italian,40.7219179851303,-73.9976472073402,$$$,1108
342,Flex Mussels,-P7qAIG1wr_gXW3nzIq5TA,New York,NY,Seafood,40.77637,-73.95646,$$,1012
343,Westville East,3idAtiEXe_XfTcPoZC_DcQ,New York,NY,American (Traditional),40.72847,-73.98213,$$,1022
344,Soba-ya,i8ejDDR4COtukAAA1Ls5fw,New York,NY,Japanese,40.7296485900879,-73.9878845214844,$$,1438
345,Lillie's Victorian Establishment,oLA02lMIfgvbYquvXzkARw,New York,NY,Bars,40.7614625,-73.9860519,$$,1404
346,One World Trade Center,ZJC4YEatJ1CK-m37rl7-MQ,New York,NY,Landmarks & Historical Buildings,40.712746,-74.01338,0,479
347,Fresco Gelateria,M1OgZWqdol6fY5hfNa9oSw,New York,NY,Gelato,40.7288182060487,-73.9872518859138,$,468
348,Bunna Cafe,l4fwf8VwAokv3MWT45Ab7g,Brooklyn,NY,Ethiopian,40.705042,-73.928078,$$,562
349,Butter Lane,qMr-lz0G0vyz2r4mJJQxmA,New York,NY,Bakeries,40.7264944895101,-73.9841490983963,$,1206
350,Victor's Cafe,StpOKezaW-AyN2xA1EJKvw,New York,NY,Cuban,40.7629499,-73.98403,$$$,1423
351,Xe May Sandwich Shop,8M_0cxAChoXl7Ls9YkWJlg,New York,NY,Sandwiches,40.7272,-73.98493,$,610
352,La Maison du Macaron,x2OI4M2QJOo3Ymf8YHBhdw,New York,NY,Macarons,40.74318,-73.99419,$$,876
353,Murray's Cheese Bar,wrvIZaT5rTmk0YpIvQbvHw,New York,NY,American (New),40.7312,-74.00322,$$,751
354,Maialino,yi6jIxzHo-nbAOG4KWuqcw,New York,NY,Italian,40.738437,-73.985686,$$$,1349
355,Boqueria,AIKjw2QLvVNdha3TciJYzg,New York,NY,Spanish,40.724912,-74.0021299,$$,954
356,Print,XoDR_T-ZKYJtZgCocEDcyA,New York,NY,American (New),40.76452,-73.99586,$$$,885
357,Westville Chelsea,MctQwL9Mp5X7DJk13VoERg,New York,NY,American (New),40.74175,-74.00007,$$,1084
358,Five Senses,_saXnBy0Wq2Gb3YusWZhqw,New York,NY,Korean,40.747573158626,-73.9863122632311,$$,1333
359,Ray's Candy Store,WEC8O6GskyWJVpri_gW3QQ,New York,NY,Desserts,40.7262776243945,-73.9835707495258,$,371
360,Red Hook Lobster Pound,nOjGNqPcu5jHRRElOndQqQ,Brooklyn,NY,Seafood,40.6797687107191,-74.0103686973453,$$,1035
361,Trademark Taste + Grind,unWoFZeSWa0DK1YMekO_Uw,New York,NY,Venues & Event Spaces,40.7503233942813,-73.9855566306885,$$,604
362,Casellula,JL_p-OHtSEYVfoeLQQgqDA,New York,NY,Wine Bars,40.76499,-73.98835,$$,902
363,My Pie Pizzeria Romana,oRdM7n-AfBPBGAlH4Q0Sag,New York,NY,Italian,40.7608512,-73.9694809,$,710
364,Lady M Cake Boutique,JDBgpyY-7KdRcBlNifVJSw,New York,NY,Bakeries,40.775501,-73.962231,$$$,1050
365,LIC Market,YgQ1AVY9JLSMjSRX3Hzj1g,Long Island City,NY,Breakfast & Brunch,40.74745,-73.94552,$$,769
366,Café China,xq0cX_DgxiJMXwhmEl9kUA,New York,NY,Szechuan,40.7499225208569,-73.9819464127197,$$,1547
367,Dekalb Market Hall,HFOiW4RvijuoblE4DD3JwA,Brooklyn,NY,Food Court,40.691025,-73.983311,$$,628
368,Uncle Boons,m6bu1AGIIIM9GNn9_cjsmg,New York,NY,Thai,40.7211328622237,-73.9943286309159,$$$,893
369,The Ginger Man,f7i6LxdwbDXExDn_58tXaA,New York,NY,Bars,40.749459,-73.982743,$$,1335
370,Little Branch,a8CdwY4uFIP4nXkl4V5EEg,New York,NY,Lounges,40.73013,-74.005046,$$$,1034
371,Yemen Cafe & Restaurant,wctR1TrheHAwpHZ2sJknEw,Brooklyn,NY,Middle Eastern,40.6899167976363,-73.9936561765076,$$,484
372,Tanoshi Sushi Sake Bar,wSGZA3DOFSUvALZRKCM_Sw,New York,NY,Sushi Bars,40.767568,-73.952815,$$$$,622
373,5 Napkin Burger,x2ATnp8-hXFhr_XznPYPMw,New York,NY,Burgers,40.760198,-73.991093,$$,2014
374,Dun-Well Doughnuts,yOc5CZ5VxHGqj96RUuZCMA,Brooklyn,NY,Donuts,40.707743,-73.940202,$$,807
375,Hillstone Restaurant,01isnBO1rFO2LTOeNfYl9w,New York,NY,American (New),40.7427534,-73.9847308,$$$,916
376,Frying Pan,bEloKDe-QVkwakAwmFKbbA,New York,NY,Bars,40.7521174043978,-74.0090024471283,$$,1491
377,Le Parisien,csVEpHy5KJoFvM1qp5XwLQ,New York,NY,French,40.7454079308793,-73.9791478306885,$$,926
378,CajunSea & Oyster Bar,v0DwpyNrKeS2ZhfMjVu8lg,New York,NY,Cajun/Creole,40.7483352,-73.9867701,$$,1184
379,La Esquina,boRM4i0UQswxQIp6CA9y_A,New York,NY,Latin American,40.721372,-73.997529,$$,2005
380,Taverna Kyclades - East Village,apykLG7DTZ-7xnOcZGDZZA,New York,NY,Greek,40.7310782469639,-73.9825163036585,$$,793
381,House of Small Wonder,GpCZORguVJZGpd5GoL9Arg,Brooklyn,NY,Sandwiches,40.7188839655893,-73.9606090848567,$$,692
382,Dim Sum Palace,bVkjBJlAIwKAj9Aw1KVWjA,New York,NY,Dim Sum,40.76015,-73.9893699,$$,1120
383,Aux Merveilleux De Fred,iTcxncdrcQRK1tdcbFIqGQ,New York,NY,Desserts,40.738362,-74.004134,$$,325
384,Tompkins Square Bagels - Avenue A,oi39VAwo4-KGm_gSkWPCsQ,New York,NY,Bagels,40.72823,-73.9823,$,1056
385,Capizzi,06tnwnEQM2j9A6dC3HC_TQ,New York,NY,Pizza,40.75744,-73.99357,$$,780
386,Don Antonio,FKzpfWUpyupl4q74Jt8fTA,New York,NY,Pizza,40.762711,-73.986708,$$,1380
387,Hillstone Restaurant,mHBhUxHgDGjsB1LJl4qW0w,New York,NY,Jazz & Blues,40.7582412110122,-73.9688767764436,$$$,1057
388,Park Avenue Autumn/Winter/Spring/Summer,2mzyXxnstSPcpDS3u5g_7w,New York,NY,American (New),40.7419710606337,-73.9852105826139,$$$,894
389,Fishmarket Restaurant,LpVbI-E9C-CSp7WhU5h2Iw,New York,NY,Seafood,40.70717,-74.00192,$$,535
390,Penelope,NwrqmFGO-utVOG-eeDDuXg,New York,NY,American (Traditional),40.74371,-73.98152,$$,2088
391,Bozu,lxQ-tzFmL1tmUqZUN-CSRQ,Brooklyn,NY,Japanese,40.7129,-73.95749,$$,808
392,John's of Times Square,zOmgO8Di9Ui2bQHqSarUKg,New York,NY,Pizza,40.75823,-73.98836,$$,2084
393,Apothèke,P3NfoMjBy_o2BTNNZ-5okg,New York,NY,Lounges,40.71434,-73.99822,$$$,1428
394,Karczma,a6SzfZ2F-uELmymusQVMBg,Brooklyn,NY,Polish,40.729977,-73.955128,$$,546
395,Brooklyn Bagel & Coffee Company,VImctKXnwzT_zrsc1ssvbg,Astoria,NY,Bagels,40.76055,-73.92176,$,650
396,Joe's Pizza,KEEXuHCYhsQJ-zpJhu98bA,New York,NY,Pizza,40.7545841255557,-73.9870039190341,$,865
397,Museum of the Moving Image,YTMCwlmMkVPYRsaNiRLtFA,Astoria,NY,Cinema,40.756377,-73.923855,0,540
398,TAO Uptown,TU_BU9HLflYI2xlyqVQdRA,New York,NY,Asian Fusion,40.76269,-73.97147,$$$,2507
399,La Colombe Coffee,-8nEZ20KDfr4PPH47MrAOA,New York,NY,Coffee & Tea,40.72396,-73.99643,$$,659
400,Burger Joint,XxLGYdB0s8IkZ9QZtGKBZA,New York,NY,American (Traditional),40.7642604687359,-73.978533363932,$$,2281
401,Hometown Hotpot & BBQ,zEIt0xaPM9DIS-pc118O6A,New York,NY,Hot Pot,40.71931,-73.9968899,$$,1138
402,2nd Ave Deli,xiwnLiNhSlEN4CDcurqsLQ,New York,NY,Delis,40.74519,-73.97918,$$,1166
403,Georgetown Cupcake,XxDsM2Q_tD8iP6T58785uw,New York,NY,Bakeries,40.7238244169484,-73.9994524607132,$$,870
404,Junior's Restaurant,LWDX1jKrNE8334jF6XenYQ,Brooklyn,NY,Bakeries,40.6901654162858,-73.9819239670089,$$,1630
405,Pye Boat Noodle,a-Bq_yXFVk2PptoWpmry3w,Astoria,NY,Thai,40.76043,-73.92152,$$,760
406,Eclair Bakery,bvc5P9vmRiNhyVWjd5bVcg,New York,NY,Bakeries,40.756722,-73.966611,$$,532
407,Han Dynasty,wfhMIiMh2A2psCGONOVSlg,New York,NY,Szechuan,40.732072,-73.988074,$$,1184
408,Rustic Table,jh42MR1OQFAFMhe_pQEzmw,New York,NY,Mediterranean,40.759624,-73.9958265,$$,790
409,New York Transit Museum,c8TfKT7NdTuwcBZatXHmzg,Brooklyn,NY,Museums,40.6905279416182,-73.9899399429917,0,395
410,EN Japanese Brasserie,P_UREWCQxEYVbBa-KW_Wew,New York,NY,Japanese,40.7306,-74.00698,$$$,1224
411,Mia's Bakery,jWC4mD-yy-IzuZxU5ctAKw,Brooklyn,NY,Bakeries,40.6870199,-73.9901299,$,616
412,The Mermaid Inn,vQcK7BH6maW9dAZWJOuW3Q,New York,NY,Seafood,40.7887398925594,-73.9744491607132,$$,1054
413,S'MAC,bRPq-Nmct5bOuOtsu8fC7Q,New York,NY,American (Traditional),40.730212,-73.983724,$$,2151
414,Supermoon Bakehouse,b5x-Fw7I7Y88TdFIzvbsnw,New York,NY,Bakeries,40.71991,-73.9872,$$,639
415,Basta Pasta,5Akss-swwfyoSVeIsDBbvw,New York,NY,Italian,40.73881,-73.99407,$$,1384
416,Gyu-Kaku Japanese BBQ,ONQRhDuWv0e9R5xOiI7YAA,New York,NY,Japanese,40.75908,-73.98989,$$,1171
417,Bondst,m6sYBuozGY1JhnHlBf1Bzg,New York,NY,Japanese,40.726934,-73.994404,$$$,947
418,Gyu-Kaku Japanese BBQ,dtk1Cstz5MHr-B1AOM_nXA,New York,NY,Japanese,40.75537,-73.97054,$$$,1149
419,Taco Mahal,SP4bvMvxel_UPdof_er3HA,New York,NY,Indian,40.732337,-74.003303,$$,503
420,Supper,Vs8kQ4R381y27AH018gLpg,New York,NY,Italian,40.7229,-73.98527,$$,1255
421,Porto Rico Importing Company,hyQ-1CEn9dHZfdP0PSaMTg,New York,NY,Coffee & Tea,40.729492,-74.001621,$,441
422,Maison Pickle,XsElXaLxUPKquI78poB8yw,New York,NY,Cocktail Bars,40.7870043970907,-73.9780229034143,$$,837
423,The Boil,0087AC_NnFRtC0c9FsB9pw,New York,NY,Cajun/Creole,40.7302644713689,-73.9943788112708,$$,735
424,La Parisienne,xTnivXEdEtXrnhp-z4JGvg,New York,NY,French,40.70961,-74.0093799,$$,386
425,Ramen-Ya,9jRwUN3z7k0seLOzWERVeg,New York,NY,Ramen,40.732536,-74.001681,$$,938
426,Blind Tiger Ale House,PMp7WlHIXQUnej-Ds1jRfw,New York,NY,American (Traditional),40.731926,-74.003223,$$,877
427,Cornerstone Cafe,efYELOeAJ-CjKpzayEfblg,New York,NY,Italian,40.7220618263077,-73.983249573445,$$,1089
428,La Pulperia Hell's Kitchen,WqjqHMozyW42XLTtLnKGag,New York,NY,Latin American,40.7609037798437,-73.9905203491259,$$$,747
429,Market Table,0BzxIsoRuFvxbMPl-iH70A,New York,NY,American (New),40.7297659255873,-74.0037665277862,$$$,784
430,Boucherie Union Square,8XHbZIKDQbXhyKIGiukVeQ,New York,NY,Steakhouses,40.73715,-73.98789,$$$,600
431,Red Rooster Harlem,fxGpXRxFUDzlU3Cyszu4uQ,New York,NY,American (Traditional),40.80815,-73.94488,$$$,3115
432,Upland,xkvv0n7jbl4Ra3Vm_jfxaA,New York,NY,American (New),40.7418912,-73.9846396,$$$,941
433,The Three Monkeys,IBgjj5VBu5JJvKgo9EzKrg,New York,NY,Sports Bars,40.76405,-73.98311,$$,1075
434,Chef's Table at Brooklyn Fare,diCW3Pj1PTVRSyol_d7cZw,New York,NY,Japanese,40.7561930774282,-73.9966090932068,$$$$,496
435,Sugar Freak,kSI-wgcYYfpcHcgDrbKIfg,Astoria,NY,Cajun/Creole,40.7646298318085,-73.9159499108791,$$,1626
436,Crispo,yFtOtTd7ncSjFF3QavQ5cA,New York,NY,Italian,40.7392469,-74.0016882,$$,934
437,Yakitori Taisho,Ad3dUoLatOdNtB4LxfmmWg,New York,NY,Japanese,40.729535,-73.9892642,$$,1562
438,Benemon,axqp3pGJXnTLgq2QrPyDyQ,New York,NY,Japanese,40.72551,-73.98838,$$,516
439,Westville West,55spA8dSOvKRme3ix-k7gg,New York,NY,American (Traditional),40.7340046,-74.0041863,$$,919
440,The Farm On Adderley,D1jp3pfGvyYyaXBN8iJRBg,Brooklyn,NY,American (New),40.63965,-73.96754,$$,1150
441,Amy's Bread,n-hBKsnFFUpe-y00EZrOqg,New York,NY,Bakeries,40.76121,-73.99024,$,1101
442,The Islands,KBW0EP-prQBhkqqGJCxmXg,Brooklyn,NY,Caribbean,40.6770523794749,-73.9634169638157,$$,686
443,Noodle Village,bnDfFdiCcPzhuNWUJORvLQ,New York,NY,Chinese,40.714167,-73.998803,$,1024
444,Maiella,iXV4FMZPru7BB_nwN_8mVw,Long Island City,NY,Italian,40.7470416595732,-73.956579002435,$$$,822
445,Kang Ho Dong Baekjeong,x9ADy3a--S_6Oqn_1KLipA,New York,NY,Korean,40.747173576622,-73.9852144232788,$$$,1179
446,Red Poke,SdESb_kSAV6b0WD813J4WQ,New York,NY,Poke,40.7588993,-73.991915,$$,518
447,Nom Wah Tea Parlor,_usWsAYSKKV2q8xw-3ajrA,New York,NY,Dim Sum,40.714490521829,-73.998153857324,$$,1918
448,Amorino Gelato,WLDxwPbjOlSkqRW9bS-Frg,New York,NY,Gelato,40.7595642,-73.9884984,$$,687
449,Shake Shack,hJ1xHZbD7IRlVFNfoe5HGA,New York,NY,Burgers,40.778888,-73.955004,$$,1356
450,Martha's Country Bakery,s1pJHjoce-IbHQiCe4mA3w,Brooklyn,NY,Bakeries,40.7148806028737,-73.9607515186071,$$,561
451,Sottocasa Pizzeria,Aazjxg21VH2cncWYBAv68Q,Brooklyn,NY,Pizza,40.688285,-73.989006,$$,604
452,Fogo de Chao Brazilian Steakhouse,7B2XMvV5uGuKyl19-HTSvg,New York,NY,Brazilian,40.7611215689494,-73.9779784871025,$$$,1122
453,Nobu Fifty Seven,SxKvgnkMMZdhBJcxxKQnww,New York,NY,Sushi Bars,40.7636210840864,-73.9765048613641,$$$$,1150
454,Heidi's House By The Side Of The Road,26E3j9l0XW_onVIUP-ThCw,New York,NY,Wine Bars,40.772189,-73.955029,$$,588
455,Otis,RfxOtJ4SQmEeVX_XjFLWUQ,Brooklyn,NY,American (New),40.706011,-73.932598,$$,239
456,Ki Sushi,tT6teP3ZfCAfvdPdDoqG4A,Brooklyn,NY,Sushi Bars,40.68764,-73.9901,$$,684
457,Barrio Chino,RzKR9QcYP03EQ_8DxTxowg,New York,NY,Mexican,40.718022,-73.990026,$$,1094
458,The Meatball Shop,xJm9JJLooQ1Sc7ncM2-JJA,Brooklyn,NY,American (Traditional),40.7182749,-73.9576213,$$,1217
459,Piacere,Z67mgMkN3RfdPEX5mXsyYA,New York,NY,Pizza,40.7196979,-73.9951175,$$,663
460,Clover Club,4MqJOLaeqCgBFQmMFPfe3g,Brooklyn,NY,Lounges,40.6846046447754,-73.9921875,$$,748
461,Flip Sigi,8WnHtvMdPWE66eSkUdbLhQ,New York,NY,Filipino,40.73405,-74.00642,$$,661
462,Boka,GDWVTV11eq92ElXD9mstBw,New York,NY,Korean,40.729519,-73.989104,$$,1488
463,Vitae,Ucxhqn56VtC-eYjdNsg7Og,New York,NY,American (New),40.7555884,-73.9785483,$$$,762
464,Room Service,dtnmxLqBnNAfdCN8fYVeLw,New York,NY,Thai,40.76176,-73.9898,$$,1800
465,Judge Roy Bean Public House,veku2cg2qaV-7MxwhOMBmg,New York,NY,Pubs,40.7629158108786,-73.9761248066812,$$,701
466,Joe's Pizza,0UdC0VYX6aAvLiOcpR4MVQ,New York,NY,Pizza,40.73331,-73.98763,$,826
467,Ñaño Ecuadorian Kitchen,9YXvNE2jpEhA4k6M8WDH7A,New York,NY,Latin American,40.7631,-73.99335,$$,531
468,The Original Buddha Bodai 佛菩提 Kosher Vegetarian Restaurant,tguMh2GgOcU9fu6WN3dqpw,New York,NY,Chinese,40.7138543,-73.9989484,$$,945
469,Chuko,eS9mTLlWwu_Ap2ROMQWPxg,Brooklyn,NY,Asian Fusion,40.680784,-73.967455,$$,1044
470,Ootoya Times Square,wjIyCBEpCG_HRp8veiI0YQ,New York,NY,Japanese,40.75487,-73.98599,$$,873
471,Eight Turn Crêpe,0lMLRsJZSh2Uh1Eo0YrMPA,Brooklyn,NY,Creperies,40.6912509,-73.9832589,$$,575
472,Hill Country Barbecue Market,NlsxuhV6CUONOyI7xk7-mw,New York,NY,Barbeque,40.74428,-73.99041,$$,2124
473,Cull & Pistol Oyster Bar,-bdxB20YveudeyL63chscg,New York,NY,Seafood,40.7426589397899,-74.0059285394953,$$,612
474,Fish Cheeks,WJS06XxRdc6DD1s4LWE9HA,New York,NY,Seafood,40.7258,-73.9927,$$,473
475,Perry St,2VpurA2lb-q90nmALklNcA,New York,NY,American (New),40.73442,-74.00971,$$$,927
476,Manousheh,VSPkVw9gSQx-5v4A6aC_YA,New York,NY,Lebanese,40.7293499,-74.00134,$,402
477,Terri,p3E_1wktqB-Z4qtqqO9F-A,New York,NY,Sandwiches,40.74252,-73.9923,$$,843
478,The Smith,Xd_l7jtUAZZAAvK8-mI2Jw,New York,NY,American (New),40.74424,-73.98878,$$,884
479,Frick Collection,E672oSwgE6Vm4izZlpA6lQ,New York,NY,Art Museums,40.77094,-73.96717,0,488
480,Saigon Vietnamese Sandwich Deli,ocXYGC2oiGDJSzA7qu4SGw,New York,NY,Sandwiches,40.7199582,-73.9958631,$,604
481,PizzArte,xsQTIeq-WLkp4ParkTQpMQ,New York,NY,Pizza,40.7629335072372,-73.9776668697596,$$,1042
482,Lilly's Craft and Kitchen,JXcYD52B4190gIh6_RSXCg,New York,NY,Bars,40.76138,-73.99071,$$,890
483,Shake Shack,ySbVtwa_PHQIlnKVMNSNeQ,New York,NY,Burgers,40.715283,-74.014799,$$,922
484,Emporio,LTi4_wcCVmqQeJ_jgTEbOQ,New York,NY,Italian,40.7226371,-73.9951331,$$,759
485,Sunny and Annie's,pWywDImlX0n_XKPNg0Bizg,New York,NY,Sandwiches,40.724653,-73.981702,$,467
486,Times Square,_g9P_uVoomq0MDa5z3PrIg,New York,NY,Landmarks & Historical Buildings,40.7587304978951,-73.9851728770025,0,1441
487,SakaMai,wcwftlB-61XG4ymGTR61aw,New York,NY,Japanese,40.7209536656701,-73.9881407239426,$$$,627
488,The Wild Son,N5UY113nNpeKdLPv0cbMjQ,New York,NY,American (New),40.74073,-74.00836,$$,440
489,Caracas Arepa Bar,tW8a8-MX_lVoshmKRLUuHQ,Brooklyn,NY,Venezuelan,40.713214,-73.957397,$$,803
490,Magnolia Bakery Rockefeller Center,iks1xNyp-uZnaeunOM2UPg,New York,NY,Desserts,40.7592651914885,-73.980564548757,$$,2385
491,Cupcake Market,yr-X-bhRgh5XMolmM2WAiw,New York,NY,Cupcakes,40.7271614074707,-73.9867095947266,$$,295
492,Sergimmo Salumeria,9iC39Z1YjZKbrrCANgzBXg,New York,NY,Italian,40.754296,-73.995498,$$,661
493,Barcade,UPOtComj8_OlNLSmd3zh1w,Brooklyn,NY,Bars,40.71204,-73.95113,$$,1035
494,The Kati Roll Company,BPyt7S9TdcR1u571iacg7g,New York,NY,Indian,40.75269,-73.98466,$,1491
495,Van Leeuwen Ice Cream,zda6zyX1g8vvzNiHDutzNg,New York,NY,Ice Cream & Frozen Yogurt,40.7344208102318,-74.0012722836729,$$,464
496,Jeepney,-b3J-5K_beWyGxQ1Id7KQg,New York,NY,Filipino,40.730294,-73.9835395,$$,1051
497,Katsu-Hama,-J8VuX3wGrYSOBu2G0hMsw,New York,NY,Japanese,40.75638,-73.97759,$$,1227
498,Scottadito Osteria Toscana,w0YkRy2gsr0znrM7ojZtTw,Brooklyn,NY,Italian,40.6746627,-73.9766125,$$,834
499,NY Dosas,x3NeZ4xToUxVKDoZ32D5tg,New York,NY,Indian,40.7308386079893,-73.99863779767,$,419
500,Mikey Likes It Ice Cream,3kipPn-7euDo-9JIqK5hlA,New York,NY,Ice Cream & Frozen Yogurt,40.729385,-73.981359,$,487
501,Stax Ice Cream,-NtHP64oJGd1ZunqQjx8fg,New York,NY,Ice Cream & Frozen Yogurt,40.7177,-73.99272,$,385
502,The Smith,JYNBy2r3LVhJbLHE1bASfg,New York,NY,American (New),40.7716201269986,-73.9818377981476,$$,1579
503,The Wayland,j8cKSxr6aQ8qTx23FLyyiA,New York,NY,Cocktail Bars,40.7251,-73.9778,$$,488
504,Miriam,lnTPfdaqDqWjywWewsE2Lw,Brooklyn,NY,Wine Bars,40.6801719843659,-73.9777555239717,$$,963
505,Burger & Lobster,YtXl15Nv7TZvV3yIqbZc8A,New York,NY,Seafood,40.75596,-73.98532,$$,871
506,Ocean Prime,3Gz07E5YJjDTJPSuzsAStQ,New York,NY,Seafood,40.76173,-73.98063,$$$,530
507,Dear Irving,-dQexkmhlgbiKvZ94jBmjQ,New York,NY,Venues & Event Spaces,40.7360568971331,-73.9872401005554,$$$,625
508,Tabaré,4axlhxyN2bKuRWfnY2IhuQ,Brooklyn,NY,Latin American,40.713046,-73.958968,$$,624
509,Tomoe Sushi,hh0ae47ojPqq3USCRLmAjg,New York,NY,Sushi Bars,40.7277,-74.0001599,$$$,913
510,Jun-Men Ramen Bar,xrnk8mgoV7up6fauVmugpw,New York,NY,Ramen,40.748209,-74.00047,$$,584
511,SkyIce Sweet & Savory,LQ8ITaZIbaiQ8pHPOx5i6w,Brooklyn,NY,Ice Cream & Frozen Yogurt,40.6806411743164,-73.9772872924805,$$,720
512,Somtum Der,qrydcGQpeDP_1oFvx3qOeg,New York,NY,Thai,40.7252151982238,-73.9842741682317,$$,691
513,Big Wong,L37A2JWXfwR_PgKColA8xA,New York,NY,Chinese,40.71624,-73.99842,$,1384
514,Taureau,50fWXrNECQQYght4ZWeBXQ,New York,NY,Fondue,40.72452,-74.00569,$$$,569
515,Essex,hRZyaQ80R9s9ztEBDJqiuw,New York,NY,Bars,40.7196975497428,-73.9873982202378,$$$,1936
516,Non Solo Piada,-Td-YEPTOUq2H3LRWgRxUw,New York,NY,Italian,40.75414,-73.99245,$$,321
517,Ed's Lobster Bar,Z2sNzskjS8Ck0plppRBJIg,New York,NY,Seafood,40.722079,-73.997529,$$$,933
518,La Colombe Coffee,YhOmfXTPu_QRNT3azAu6wA,New York,NY,Coffee & Tea,40.728221,-73.993165,$$,562
519,Kopitiam,r2JVKalbucGf2nryywuL2w,New York,NY,Malaysian,40.71387,-73.99091,$,534
520,Grom,8nL3qtKZLyNf6nSyKqcO0g,New York,NY,Ice Cream & Frozen Yogurt,40.7305271761439,-74.0024042129517,$$,887
521,Salinas,XAHfErhn_JujythNCmGl1w,New York,NY,Spanish,40.7436999,-74.00314,$$$$,904
522,K Rico Steakhouse,sGqKDtizXj3tg9jnAc9FeQ,New York,NY,Bars,40.76438,-73.9880699,$$$,559
523,BarBacon Hell's Kitchen,3omBIylGFJugwLgNgUgOXw,New York,NY,Gastropubs,40.766253,-73.986674,$$,1164
524,Blue Smoke,MIuFXBFthAWeEMxyP_lm9A,New York,NY,Southern,40.74228,-73.98375,$$,1720
525,Wondee Siam,rKeLuHDI3PQZsPSVCEMHtw,New York,NY,Thai,40.76495,-73.98747,$$,967
526,The Grey Dog - Union Square,VCqNjupCWZ5INzOcyBMJSg,New York,NY,Coffee & Tea,40.733828,-73.993052,$$,1012
527,Oiji,FsuJ7VC5vxX3wcLhFrb97Q,New York,NY,Korean,40.72727,-73.98585,$$$,481
528,Kyo Ya,ytABgZNWnFXQUjOYjh460A,New York,NY,Japanese,40.7267,-73.98534,$$$$,449
529,The Donut Pub,BJL3JbPPX97a58GTURvTxA,New York,NY,Bakeries,40.738867,-73.999811,$,861
530,Simple NYC,AjlmpAQV8W4--y0EksO-9g,New York,NY,Poke,40.71821,-73.99223,$$,325
531,Forno Rosso,ZTsN8TdMXl8SW_AKd_ablw,Downtown Brooklyn,NY,Italian,40.69446,-73.98316,$$,650
532,SUGARFISH by sushi nozawa,0ePn6TQSJQky4ueKeGQvpQ,New York,NY,Sushi Bars,40.73901,-73.98882,$$$,756
533,The Chocolate Room,TN5QsXM1PzOHsXetjtdqjg,Brooklyn,NY,Desserts,40.684764,-73.994445,$$,589
534,Egg Shop,GlTdgd8780RNXLvz8bTmFg,New York,NY,Breakfast & Brunch,40.7204574688656,-73.9952510689421,$$,1064
535,Seasoned Vegan,IJg3TdXz8IzKTfcspmr8MQ,New York,NY,Vegan,40.800664,-73.952757,$$,1084
536,5ive Spice,SSDOkx5enfRH3nsniS_2jA,Brooklyn,NY,Vietnamese,40.68145923448,-73.9772509779765,$$,572
537,Carbone,7_hGsGEkHrjgAiYVjrCFnw,New York,NY,Italian,40.728,-74.0001497,$$$$,916
538,Davey's Ice Cream,GB8yF6r-isDXjV3NR35xZw,New York,NY,Ice Cream & Frozen Yogurt,40.7279493,-73.9852999,$,506
539,Arepa Lady,tQcAwscj_LJ1hPtoJ_U_MA,Jackson Heights,NY,Colombian,40.7494896198795,-73.8882688432932,$,440
540,The Press Lounge,nCH7SR7qXu0asO1GU3iqHw,New York,NY,Lounges,40.76452,-73.99586,$$$,1022
541,Divya's Kitchen,NKI1VvfXYluRjnq4S6yEuw,New York,NY,Vegan,40.72378,-73.98849,$$,324
542,Sprinkles Cupcakes,SQ7VgqfjItZyoD5tvMeWuA,New York,NY,Bakeries,40.763251,-73.967564,$$,962
543,Ferrara Bakery & Cafe,lDW4DlTZYcSP9T1yQY5HKg,New York,NY,Bakeries,40.719079,-73.997086,$$,1505
544,Palma,6Z5OWpaeGGazJHR4LfThsw,New York,NY,Italian,40.73115,-74.00233,$$$,690
545,Hakata Tonton,KfaG5PoTEPpbODHBta9irw,New York,NY,Japanese,40.733234,-74.003326,$$,986
546,Sarge's Delicatessen & Diner,jNRT5vY1Hvp5WDTaHy4Mhw,New York,NY,Delis,40.7473279523583,-73.9772017867971,$$,1068
547,Nino's 46,vjubSxmdG_HoBBgd39geBw,New York,NY,Italian,40.7569159,-73.980516,$$,1112
548,Urbanspace Vanderbilt,QAGFu7pqCAZUJkYkUB5pjg,New York,NY,Food Court,40.754623,-73.976605,$$,629
549,Nougatine at Jean-Georges,xEDD2ScBU3jHhWxlMC7dkQ,New York,NY,French,40.76891,-73.98176,$$$,1105
550,Strip House Downtown,DijUyfUGs6WoN4dp0_OANQ,New York,NY,Steakhouses,40.73445,-73.99337,$$$$,960
551,Mughlai Grill,_7BGw3YFNOTzP1Www3zB7g,New York,NY,Indian,40.7210905,-73.9840446,$$,310
552,McNally Jackson,b92EVHuzG-7uv37fQU9jew,New York,NY,Bookstores,40.72339,-73.99598,$$,429
553,Quality Italian,dc3hkLkAqCSxDWQzrx-g9A,New York,NY,Italian,40.7644044527436,-73.9767805051616,$$$,1019
554,Jing Fong Restaurant,FH978pIP1TLRuPAH-MbWIQ,New York,NY,Dim Sum,40.7159552385198,-73.9971831076206,$$,2269
555,Beyond Sushi,KxyH5zvTyXawl17lHjA4SQ,New York,NY,Vegan,40.75247,-73.98845,$$,436
556,Rabbithole Restaurant,np98mkA22LYf6kCwCL59pw,Brooklyn,NY,American (New),40.7122932799856,-73.9628687873483,$$,795
557,The NoMad Bar,NMDrXW5_qnme1hcJrXNP9Q,New York,NY,Cocktail Bars,40.7449365409844,-73.9885197632294,$$$,462
558,Blue Dog Cookhouse & Bar,I6optu9x0JAf8oT5lqJ8qw,New York,NY,Cocktail Bars,40.76244,-73.98674,$$,1200
559,Dinosaur Bar-B-Que,0ef3Q3RvIqfFzZoOfA2amg,Brooklyn,NY,Barbeque,40.6776201,-73.9838929,$$,1568
560,Vietnaam,Wbmqg0TkOVkzNh3HrJ9DIQ,New York,NY,Vietnamese,40.7791481018066,-73.9504165649414,$$,747
561,Serendipity 3,_tHF8-3rbyMesgdkQzB2yQ,New York,NY,Desserts,40.761851,-73.9649001,$$,4070
562,Raku,qEe7nIhPfEL6L0-VYhWRrA,New York,NY,Japanese,40.72728,-74.00252,$$,302
563,Bouchon Bakery & Cafe,S3Fw7s_GA94lJLbLFrqZrw,New York,NY,Bakeries,40.768538,-73.982923,$$,1348
564,Manhatta,ypqK8DWM8Bcs43YveSJnNw,New York,NY,American (New),40.70797,-74.0088899,$$$$,368
565,One If By Land Two If By Sea,B_HFzZkFsZgmzcea6R4exw,New York,NY,American (New),40.732498,-74.002595,$$$$,1372
566,Chela Modern Mexican,CfOBb6NU2awo8xclJpKU3g,Brooklyn,NY,Lounges,40.67032,-73.98569,$$,369
567,Parisi Bakery,6q6WWGaO75PQkpWOQ2zzHQ,New York,NY,Bakeries,40.7211836,-73.9954365,$,397
568,Dutch Kills,3lLBRLbXAIgd1yZgWgnfeg,Long Island City,NY,Lounges,40.747615,-73.940159,$$,740
569,Patsy's Pizzeria,xrgzB0pvsxeGEIboE6I2gg,Brooklyn,NY,Pizza,40.6818695,-73.976181,$$,498
570,Besfren,j5sBqXdeDsvkK-Ryh7w2VQ,New York,NY,Coffee & Tea,40.746963,-73.98533,$$,726
571,Ise Restaurant,pNe8ZCkGTe4cXfKdOF7kYQ,New York,NY,Japanese,40.7291024,-73.9900618,$$,405
572,Sons of Essex,oopgHvduXbtgwNRmybEhgQ,New York,NY,American (New),40.720315,-73.987774,$$,1194
573,Dos Toros Taqueria,U9BX6bMvXHk8umBYnS3Dog,New York,NY,Mexican,40.7336815475083,-73.9897049423153,$,1310
574,The Greek,6gDUVNZo0E9lxO2DkAhHOQ,New York,NY,Greek,40.7237145,-74.0096166,$$$,476
575,Sushi By M,MGRo61aHFUeRlWhSbTv2NA,New York,NY,Sushi Bars,40.72666,-73.99027,$$$,294
576,San Marzano Pasta Fresca,k5fd-RSdG4IuXnnGSQ5oOw,New York,NY,Italian,40.727989,-73.98845,$$,1095
577,Ricardo Steak House,CfWe636m2CAUg4FAdl_zVQ,New York,NY,Steakhouses,40.7934520370731,-73.940475679068,$$$,1005
578,Greecologies,t2iNgfFikLQJynJSURth0A,New York,NY,Juice Bars & Smoothies,40.720387,-73.996581,$$,404
579,Tenement Museum,bUpeNcz4-SWnhIKqSKTVMQ,New York,NY,Museums,40.71883,-73.98998,0,645
580,Poco - NYC,3LRZQolTdyps07RSoaIXpA,New York,NY,Tapas Bars,40.7225107,-73.9829025,$$,1503
581,Calle Dao - Chelsea,pBNMZp_tKCAfRNx7-ybcHQ,New York,NY,Cuban,40.7476515,-74.0037312,$$,498
582,Dons Bogam BBQ & Wine Bar,xe9qWNyYmsRvNGRPgW-ZcA,New York,NY,Korean,40.74678,-73.98437,$$$,977
583,Dhaba Indian Cuisine,NgD-6ogFGc_c4z5_Ur4k2g,New York,NY,Indian,40.742364,-73.982813,$$,1463
584,Da Andrea,hdiuRS9sVZSMReZm4oV5SA,New York,NY,Tuscan,40.736218,-73.99597,$$,723
585,Indian Accent,1_pK5aQ47atF50oAKHADhA,New York,NY,Indian,40.7643344624229,-73.9787312885132,$$$$,528
586,Asuka Sushi,fePu8xy0ir_ikZcS_vVSBA,New York,NY,Japanese,40.74529,-73.99888,$$,901
587,4 Charles Prime Rib,ZOa13veZkzGjA-x3kMfOmA,New York,NY,Steakhouses,40.73513,-74.00065,$$$,224
588,Galli,twHJyFgUSd7wzioKQjE7Jw,New York,NY,Italian,40.72161,-74.00127,$$,884
589,Corner Bistro,8XLhXJcJ2XbQ8dTBY9YyQg,New York,NY,Burgers,40.738037,-74.003684,$$,1497
590,Xi'an Famous Foods,fPW_GBZsnBNsIzK62sCHBg,New York,NY,Chinese,40.715082,-73.997342,$,968
591,Jora Restaurant & Bar,Sj3JYCbaEFrAqUzRrenQbg,Long Island City,NY,Peruvian,40.7438054,-73.9515007,$$,555
592,Kenka,9xRIcn0jTyvWNH9aBO3oAA,New York,NY,Sushi Bars,40.72913,-73.988465,$$,1514
593,Da Gennaro,JyXn_GCGM2DsNYIzgzQrDw,New York,NY,Italian,40.71832,-73.99794,$$,888
594,Citizens of Chelsea,FaR-Kv-0ZzgcqFW1sCnacw,New York,NY,Coffee & Tea,40.748123,-74.000569,$$,632
595,9/11 Tribute Museum,F0EUMg7UwxLCQ0GFpX0dyg,New York,NY,Museums,40.7114397521269,-74.0125204576143,0,278
596,Bite,PpxJsItHTF6sDAK6XnDJ9w,New York,NY,Sandwiches,40.733163,-73.986158,$,608
597,Giano Restaurant,dh5r9-SbN8xJ76XvnayWLQ,New York,NY,Italian,40.7262256596862,-73.9840574049125,$$,561
598,Eggloo,V75gQDPzAwaqLmjSn-t9DQ,New York,NY,Desserts,40.7155497342652,-73.9993924610537,$,881
599,Chimu Bistro,2E2f5H4SltGyD8ciTu8AKg,Brooklyn,NY,Steakhouses,40.714903,-73.95144,$$,790
600,Cafe D'Alsace,kmcgUxWhwlbmC-FAMTEF2g,New York,NY,French,40.77916,-73.95104,$$,1168
601,Joey Bats Café,uYMimeHJ5XBGkyTrg8GXhw,New York,NY,Desserts,40.72006,-73.99037,$,211
602,The Meatball Shop,AHVlPpOkiEl9maijGhar-Q,New York,NY,Italian,40.736125,-74.000607,$$,863
603,Wo Hop,zubN8Ve-RyoljRZV4NRxEQ,New York,NY,Chinese,40.7142239034582,-73.9988691693115,$$,1377
604,Tuome,R7EGjHWw0tNheY6-ahH8fQ,New York,NY,American (New),40.72412482724,-73.9828906263924,$$$,463
605,nonono,qm1J_dPA5IHij1oAnoZwHw,New York,NY,Tapas/Small Plates,40.74545,-73.98499,$$,506
606,Joya,pSSajdYNKTyAGV8-fk7fWQ,Brooklyn,NY,Thai,40.6866607666016,-73.9934997558594,$$,1276
607,Cho Dang Gol Korean Restaurant,lSQAmoQtmciUld36ogOoOw,New York,NY,Korean,40.7502365112305,-73.986198425293,$$,1027
608,Riverpark,OqNmzS2N2I750zYgUC6IgA,New York,NY,American (New),40.7393734243765,-73.9734843398117,$$$,787
609,CONES - Artisanal Ice Cream,Hlj1BRYzB2xJxl8_UEnrDw,New York,NY,Ice Cream & Frozen Yogurt,40.7315227,-74.0032698,$$,574
610,Dirt Candy,j0Q-yyxS2WiL3foCJEV4eg,New York,NY,Vegetarian,40.7179075,-73.9907183,$$$,621
611,Cafe Himalaya,noBCTbD1Ylf5QR7PXy-rkA,New York,NY,Himalayan/Nepalese,40.7232289034083,-73.9879441220901,$,606
612,Grounded,ZnJZ8F17rLIZ3JbJQ2admw,New York,NY,Coffee & Tea,40.73806,-74.0034,$,716
613,Marta,rZ9OFoSqy8u4WECfh--ylg,New York,NY,Pizza,40.7445212750732,-73.9845828515206,$$$,847
614,Favela Cubana,hJrZIHNRVUuC_PXAORxj9g,New York,NY,Cuban,40.7284702112794,-73.9979839324952,$$,952
615,Alice's Tea Cup Chapter II,JCrKKepUUkRIIPD2UD1i0g,New York,NY,Tea Rooms,40.76518,-73.96576,$$,1385
616,Sushi Lin,AFt1Qcec4_JNr6PWpkRYyw,Brooklyn,NY,Sushi Bars,40.677786,-73.972591,$$$,233
617,Peacefood Cafe Downtown,MAwtBgCmrY-i_jbmXlDMkw,New York,NY,Vegan,40.7332670924819,-73.9929751334153,$$,712
618,Royal Grill Halal Food,UtknyDJ_DPut-FKRqs0wpQ,New York,NY,Halal,40.75614,-73.98316,$,308
619,MO Gelato,CArqlSrLiPsvneS18xpwqQ,New York,NY,Gelato,40.7206179946661,-73.9967299997807,$,342
620,Wok Wok,0GftSP2dRwEzujkv2VKIgA,New York,NY,Chinese,40.71406,-73.99883,$$,869
621,The Jeffrey Craft Beer & Bites,2_oy2iBeT0Rg-oz4f0GF1A,New York,NY,Bars,40.7611,-73.963,$$,652
622,Hanco's,NqnYnZtajJ4Y-Lmxa26VdA,Brooklyn,NY,Vietnamese,40.6870318621828,-73.9904292380982,$,668
623,Zutto Japanese American Pub,abNHO9-xlCsv31gghCUuxw,New York,NY,Sushi Bars,40.71847,-74.00903,$$,864
624,Chavela's,mhrLDFTxUzW2koRAzjlt5g,Brooklyn,NY,Mexican,40.67347,-73.95711,$$,1022
625,Sami's Kabab House,hXqrA_Z3jZ8Q1O6ZehWSwQ,Astoria,NY,Afghan,40.7587874,-73.9326435,$$,340
626,Aquavit,f7apP8A_0_KqcGQTK4V2TQ,New York,NY,Scandinavian,40.76079,-73.97221,$$$$,719
627,Briciola,MOwB9YYd-Ko6nVgSB-ltQw,New York,NY,Italian,40.7637997047278,-73.9880919456482,$$,794
628,Margon,4CObV3XU8VQ6nXeVS4vO0A,New York,NY,Cuban,40.75787,-73.98398,$$,717
629,The Capital Grille,kctef59qqlzJNqAc1ZGEvg,New York,NY,Steakhouses,40.75114,-73.97491,$$$,787
630,Enthaice Thai Kitchen,tVB11pOiDhPWlt_o6ylMNg,Astoria,NY,Thai,40.7630889337809,-73.9213237166405,$$,657
631,Curry-Ya,pqebqpVTT8bR_s9iEu8dOA,New York,NY,Japanese,40.72922,-73.98604,$$,707
632,Cha Cha Matcha,8zIXMsbcDS7kqH8N-09zLg,New York,NY,Coffee & Tea,40.720066,-73.996261,$$,867
633,Joseph Leonard,Ps0cOZevNA1M9M5_z7W3oQ,New York,NY,American (New),40.7336021670705,-74.001675412843,$$,647
634,JeJu Noodle Bar,xtxcAUvrD4dWHJd0cwvW1A,New York,NY,Korean,40.73304,-74.00734,$$,442
635,Mountain Province,1RRD6Ub4QEW9ZeyaBMx5jQ,Brooklyn,NY,Bakeries,40.7075228032172,-73.9503787374344,$,246
636,Jacques Torres Chocolate,nVIAmfM55P6zoKzaUKdGgw,Brooklyn,NY,Chocolatiers & Shops,40.7032,-73.99145,$$,534
637,Tamarind,kS2CP48K66yL2TwIhUqy_A,New York,NY,Indian,40.71909,-74.00892,$$$,875
638,Pause Cafe,sR60I9PI_63noBQcGoIrbw,New York,NY,Moroccan,40.72123,-73.98408,$,374
639,St. Anselm,hiTfA7vnxDSLv77nl6UQXQ,Brooklyn,NY,American (New),40.7143299,-73.95604,$$$,795
640,Stick With Me,uEYHwZmVy6EciszazojznA,New York,NY,Chocolatiers & Shops,40.72139,-73.99545,$$$,247
641,Benson's NYC,x7hsZRd_MyrUgAW91FM9qA,New York,NY,American (New),40.7218302,-73.9866963,$$,367
642,Extra Virgin,KpBfFpjzsGvvqAzCasVW0g,New York,NY,Seafood,40.7353962496717,-74.0031888223197,$$,1225
643,Sotto 13,yc4vsT-Q4Ej1_9hr94DxkQ,New York,NY,Italian,40.7372,-73.99919,$$,850
644,LuAnne's Wild Ginger All-Asian Vegan,BEuZGvNlbM4tXq7YICyM6w,New York,NY,Asian Fusion,40.7204631,-73.9964956,$$,637
645,The City Bakery,2rnd1ezRyn3bmUF4VJK27Q,New York,NY,Bakeries,40.73885,-73.99241,$$,1577
646,Sake Bar Decibel,i9W3EVA6FjB6lWWSEmhndA,New York,NY,Bars,40.729299,-73.9878008,$$,953
647,Peaches HotHouse,GA5msU6NO9rQRctPfDJCBg,Brooklyn,NY,Southern,40.6833699737169,-73.9437798410654,$$,1117
648,Jack's Wife Freda,HrdIdeDZBTUdyEdSTPG1zg,New York,NY,Mediterranean,40.729826,-74.003516,$$,816
649,Taci's Beyti,BsdB6DhfvSq7ZZs-_u0RpA,Brooklyn,NY,Turkish,40.60956,-73.96209,$$,685
650,Mastro's Steakhouse,iAoHFfB_T8U31PhIzD-o_g,New York,NY,Steakhouses,40.7610374,-73.9802619,$$$$,626
651,Brooklyn Beet Company,nZ0Y8ngCxpY3xlz4f4pNTQ,Brooklyn,NY,Modern European,40.6333416,-74.0268741,$$,422
652,Tea and Milk,bvuPipiMPe5FURKZh06Zxg,Astoria,NY,Coffee & Tea,40.75904,-73.92631,$,384
653,Tofu Tofu,vWoT1h8E2eWvIdJqpuxfdg,New York,NY,Korean,40.7176299520983,-73.9954301342368,$$,293
654,Otto Enoteca Pizzeria,kqewBLuQDB3euc-s_mRf4A,New York,NY,Italian,40.7320605431463,-73.996197909787,$$,2095
655,Louie's Pizza,ejuFKvSfGl0JMZO9yzSXNw,Elmhurst,NY,Italian,40.7459,-73.8834,$,393
656,Delmonico's,7NqFIuXuRwm6WuuseLxAVw,New York,NY,Steakhouses,40.70507,-74.01019,$$$$,1010
657,DiWine,ayOj0JXAsuGqVG8reuqpxQ,Astoria,NY,American (New),40.76087,-73.91557,$$,762
658,Sweet Afton,zgW7g4RWssKfjdlSE8fZvg,Astoria,NY,Pubs,40.765352,-73.918983,$$,1026
659,Blank Slate Coffee + Kitchen,Ry04HQ6kNsF1RYTjINDaYw,New York,NY,Coffee & Tea,40.7453293,-73.9845257,$$,588
660,by CHLOE. Flatiron,CEEUDBFxvUPKGlA65qJ8JQ,New York,NY,Salad,40.74197,-73.99292,$$,740
661,Peacefood Cafe,zBf-m72ATTPTey-_9vu3Yw,New York,NY,Vegan,40.785326,-73.97713,$$,1234
662,Cheese Grille,8EBOj5bMglNI-jRIQvf6wg,New York,NY,American (Traditional),40.7219115,-73.9886709,$$,546
663,Tanoreen,_-EQR2vNYg-b1eZwAgp6JQ,Brooklyn,NY,Middle Eastern,40.6308,-74.02775,$$,813
664,Lil' Frankie's,TWH4MjLtN1fKlF-7n6YXHg,New York,NY,Pizza,40.723625,-73.988555,$$,1043
665,230 Fifth Rooftop Bar,V6xlMNLFTsxB4W0VVcRK_Q,New York,NY,Cocktail Bars,40.7440395,-73.9881258,$$,3486
666,Habana Outpost,zQkjDxo8oDVGVj9cpTpUig,Brooklyn,NY,Cuban,40.68645,-73.97416,$$,999
667,Shake Shack,uT9AowKJcAN59Mteud36lA,Brooklyn,NY,Burgers,40.6920881,-73.9888694,$$,839
668,Le Botaniste,-vBfKWJ1v9YdJQT5XUbcBQ,New York,NY,Wine Bars,40.7649986274526,-73.9659830279587,$$,386
669,Rex,lwfrB59lvpkCBw2FZD3X6w,New York,NY,Coffee & Tea,40.7688770027633,-73.9885788232638,$,509
670,Crave Fishbar,dYm7DXMy1r8kCmKiz1MO8w,New York,NY,Seafood,40.755136,-73.968683,$$$,698
671,Momofuku Ko,GticI2JB8Iw2ktRfLv6aRQ,New York,NY,American (New),40.724776,-73.991682,$$$$,289
672,Gabriel Kreuther,pDwhlX9jNBGnjvyGR9jYWQ,New York,NY,Lounges,40.754546,-73.982556,$$$$,394
673,Mei Li Wah Bakery,MauzeeZM7S-wUk_G98Ybrg,New York,NY,Bakeries,40.7155758,-73.9979585,$,967
674,Giorgio's of Gramercy,5ZEFbq_AQV5VQFG2JKYzlA,New York,NY,Italian,40.7394209879325,-73.9885425567627,$$$,730
675,Whistle & Fizz,OPiO2ZuK4M2f55qmuNfWUQ,New York,NY,Cafes,40.7307100207,-73.994362572,$,142
676,Injera,5QI6QXNJThnqWQFO7y0VOw,New York,NY,Ethiopian,40.7370922,-74.0051453,$$,563
677,Cocoron,nrxSzq-VxLqD7aFkE4SH3Q,New York,NY,Japanese,40.7207236,-73.9953191,$$,617
678,Cote,28CNHYULci66pJAz-0_pOg,New York,NY,Korean,40.741192,-73.991314,$$$,755
679,Vesta,WEhkGLKlj-5X1pq_07Syaw,Astoria,NY,Italian,40.76961,-73.92776,$$,666
680,Great NY Noodle Town,d_TC6Om2EBTzHVm_lCgNtg,New York,NY,Cantonese,40.7150363828814,-73.9971172437072,$,1259
681,Casa Mono,8PhwiTru5teSaZ8C6hrIww,New York,NY,Spanish,40.7359281440206,-73.9871550967319,$$$,1191
682,Mu Ramen,RElijPqDOAPTHT3J4n_FEA,Long Island City,NY,Ramen,40.743797,-73.950631,$$,1169
683,Watawa Sushi,UB5emSFilql0J10Jx4AHXA,Astoria,NY,Sushi Bars,40.774959,-73.9095,$$,866
684,Okonomi,7OMGEtFWT6sdd9TVuoGqJQ,Brooklyn,NY,Japanese,40.712622,-73.9487843,$$,442
685,Hourglass Tavern,-olla_BldF5Y84I9ezRNdA,New York,NY,American (Traditional),40.760952,-73.9903269,$$,737
686,District Tap House,Z65cd3Z7JvwK8TnSVg-cfA,New York,NY,Sports Bars,40.75409,-73.99039,$$,800
687,Estiatorio Milos,mhhTORjUdXj-UIDjyGmhBg,New York,NY,Seafood,40.76368,-73.97922,$$$$,863
688,Ess-A-Bagel,SCornvTSCMQ2SvWGq8Z_Mw,New York,NY,Bagels,40.7342019611776,-73.9801854769702,$,835
689,Fig & Olive - Meatpacking,jt_mFVGnAcPx27vIz4o29A,New York,NY,Mediterranean,40.7406284811719,-74.0068594359003,$$$,1334
690,Hole in the Wall,rQpO1Eie_zmeAOQ9s-T0sQ,New York,NY,Breakfast & Brunch,40.70837,-74.00563,$$,485
691,Lido,J9xVQScnr0lYWl61_mLXMA,New York,NY,Italian,40.8049797781916,-73.9548260014624,$$,942
692,Kitchen 79,3GMHPnrkFAcqffw3T7JSdQ,Jackson Heights,NY,Thai,40.747551,-73.8868866,$$,577
693,Hold Fast Kitchen and Spirits,VLGmFHE4s0Sfu0piMVQa1Q,New York,NY,Cocktail Bars,40.76064,-73.99023,$$,234
694,Otto's Tacos,Ko95LRE9AAvb2Lk9Iwh2-Q,New York,NY,Tacos,40.7291289539586,-73.9875403,$,742
695,The Capital Grille,Maks_EfVcTOe20TnGQy_MQ,New York,NY,Steakhouses,40.7607390928484,-73.9813780866211,$$$,733
696,Hi-Collar,7rxg-tWPc1jK7Cikn5R86g,New York,NY,Japanese,40.7293077268171,-73.9859368048935,$$,550
697,Basso56,ugIv_ylUdqRIlx6AD8lTJA,New York,NY,Italian,40.7655,-73.98267,$$$,598
698,Rahi,CO3lm5309asRY7XG5eXNgg,New York,NY,Indian,40.7360271,-74.0005436,$$$,397
699,Al Di La Trattoria,aSprnLY-6GkMk1cuv0TMeA,Brooklyn,NY,Italian,40.675332643247,-73.981340475038,$$$,874
700,Take31,IjQ2yGUKkvP0JIldT9vRFQ,New York,NY,Korean,40.7463,-73.984809,$$,556
701,La Pulperia UES,q2D80--iDkSwf_OKsS-jdA,New York,NY,Latin American,40.7766202,-73.9523275,$$,717
702,The Doughnut Project,c6UUcUTbwbk0kOpF6jVOJQ,New York,NY,Donuts,40.731151,-74.003547,$,434
703,Danji,FeSynfcDT4qB2kDixHUQCA,New York,NY,Korean,40.764,-73.98686,$$,983
704,Boba Guys,_fP2QicVgPLZyL8s6M84Ig,New York,NY,Bubble Tea,40.71897,-74.00102,$,404
705,Piccola Cucina Osteria,qBGKigOGn_flCx1apxPzlA,New York,NY,Italian,40.72506,-74.00322,$$,473
706,Yaar Indian Restaurant,ogEtpbCgxv38PyB3ebivqQ,Astoria,NY,Indian,40.774803026853,-73.9120166023413,$$,374
707,East Harbor Seafood Palace,P2bxlKAmRWZIpHdJ_JT3fg,Brooklyn,NY,Dim Sum,40.633533,-74.014343,$$,658
708,Kiki's,_4Grm99JEHnDWskCHAJfUg,New York,NY,Greek,40.7144971858255,-73.9918553931336,$$,568
709,Wolfgang's Steakhouse,ikb5lhHmb2xndNZM-jr_Mw,New York,NY,Steakhouses,40.7466818653462,-73.9820571484794,$$$$,931
710,Milkflower,1OZPOWZwJr-hpvMt6TD4ug,Astoria,NY,Pizza,40.7628961,-73.9207081,$$,605
711,Benito One,DI_FoHY84hfzTWwlzF76aw,New York,NY,Italian,40.7200188460948,-73.9969412164592,$$,684
712,Ramen Misoya,b7Eg41LKjL2BtOXEqVCoeQ,New York,NY,Ramen,40.7285309,-73.988121,$$,889
713,Franchia Vegan Cafe,LjBKkUSpMwrpo99hXgtHYw,New York,NY,Korean,40.7474712051298,-73.9812423408763,$$,882
714,Milk & Honey Cafe,x_YWFkTcxEu1lo8Nlrog5A,Brooklyn,NY,Coffee & Tea,40.634356735221,-73.9661046515558,$$,919
715,&pizza,t0Bel7xLMUt5g8qIpBylZg,New York,NY,Pizza,40.745294,-73.9880992,$$,390
716,Governors Island National Monument,NU0PxRWTYoLKZRTy9JT_jg,New York,NY,Landmarks & Historical Buildings,40.6913770268785,-74.0164375305176,0,303
717,Rasa,EbX_9tqAJs4gW51gZpOB7g,New York,NY,Malaysian,40.7327654,-73.9975674,$$,668
718,Pippali,HEs6llkn3wIP1ATXeIZQew,New York,NY,Indian,40.74233,-73.98331,$$,716
719,Tia Pol,fUxRTikmfHnURZ26lD2y4Q,New York,NY,Tapas Bars,40.7473,-74.00481,$$,681
720,The Musket Room,vscYK65F_MUH8WqACKSdog,New York,NY,American (New),40.72392,-73.99378,$$$,428
721,Spice Symphony,Va_mnsEvBghHXvc7uZIWJQ,New York,NY,Indian,40.744722,-73.981202,$$,577
722,Madame Vo,m2Zsy2UAkcDf0cRzk2Yoqw,New York,NY,Vietnamese,40.72925,-73.98612,$$,723
723,Billy's Bakery,F7UeBLZHOtyxz2rTNnmt3Q,New York,NY,Bakeries,40.745323,-74.001861,$$,1205
724,Spicy Village,8ig0yf0003DAp4YOGTlbVg,New York,NY,Chinese,40.71695,-73.99327,$,623
725,Oasis,JdXqygDw4yXQcy5lw9VI4A,Brooklyn,NY,Middle Eastern,40.7177548450764,-73.9573632606763,$,608
726,Boqueria Spanish Tapas - Upper East Side,5S8ZK9XLdl4l645twbNYZQ,New York,NY,Tapas/Small Plates,40.771522,-73.956073,$$$,699
727,The Winslow,3NbhYebjZPjLTWZZyRuhsw,New York,NY,Pubs,40.7327766418457,-73.9852142333984,$$,504
728,Stone Park Cafe,IZw7SfYpvXMFLErXBMDKVQ,Brooklyn,NY,American (New),40.67297,-73.98332,$$,893
729,Socarrat Paella Bar - Chelsea,DiHm4iIAQhqMKfjsrBPvZw,New York,NY,Spanish,40.7427204,-73.9995147,$$$,1120
730,Vinnie's Pizzeria,lxPVSGnZ7YTiO5OGrqBS8Q,Brooklyn,NY,Pizza,40.718925,-73.956878,$,646
731,Ladurée SoHo,TmEPtynTP1qoTqwUbGKyGw,New York,NY,Tea Rooms,40.7243938986329,-74.0024885117088,$$$,1431
732,Agora Turkish Restaurant,7gZGVdqMch7ls0IGO3DijQ,New York,NY,Turkish,40.77492,-73.95412,$$,514
733,OddFellows Ice Cream Co.,05UVA6p1mRIy9rOAN-oJNQ,Brooklyn,NY,Ice Cream & Frozen Yogurt,40.7181163,-73.9637241,$$,560
734,Loi Estiatorio,H87m0azdhuw5uo6Y166uUg,New York,NY,Greek,40.765385,-73.978002,$$$,336
735,Tavola,V3USzFEGhuoXez4G2Rk11A,New York,NY,Italian,40.755403,-73.994516,$$,888
736,Sorriso Italian Pork Store,tjF4QzhBnJex6Ap2PnDW7g,Astoria,NY,Meat Shops,40.7621401,-73.9116109,$,320
737,Ten Degrees Bar,-p7dvuKa91_4B-aiFIFB8Q,New York,NY,Gastropubs,40.72692,-73.98342,$$,820
738,Amaranto Mexican Restaurant,95a04LtXLX6gePhPEwff9A,Brooklyn,NY,Mexican,40.703111,-73.921892,$$,329
739,Emily,NDIrifAl6K-RrnZ2D3ZGbw,Brooklyn,NY,American (Traditional),40.68351,-73.96643,$$$,728
740,Baker & Co,h9rymMeMUMOxQ9d93U0YDg,New York,NY,Italian,40.7313423,-74.0028996,$$,604
741,Oceanic Boil,20LSOx_4K2wghTsUx4gSsg,Jackson Heights,NY,Cajun/Creole,40.7498297,-73.8821356,$$,487
742,Distilled,0EtZ1xhnXWp4-ysNVwItYA,New York,NY,American (New),40.7189994,-74.0062975,$$,760
743,Trattoria Dell'Arte,LXdblKc5g1Dp17xiV-Am1w,New York,NY,Italian,40.765295646702,-73.98046281606,$$$,966
744,Totto Ramen - Midtown East,RjeW_l8OF99rn5df5-Rj4g,New York,NY,Ramen,40.7562184833974,-73.9679722894107,$$,1088
745,Junoon,DZE4ThXa7d0kSXnR3Hb-kg,New York,NY,Indian,40.743193,-73.990838,$$$,1414
746,Madison Square Park,R3ci6iQRLIIK0Eq1-cY_pw,New York,NY,Parks,40.7422133587202,-73.9879736510651,0,370
747,Antica Ristorante,0Tvwk0hvgaY0QVIsZGTZKQ,New York,NY,Italian,40.7039355145338,-74.0121731758117,$$$,482
748,Pasticceria Rocco,JWLRT0dkdaC7AHtYapWbGw,New York,NY,Bakeries,40.73083,-74.00265,$$,996
749,Empire Cake,ltReUN5LQiaFVNdpNBes3Q,New York,NY,Bakeries,40.74078,-74.00155,$$,576
750,Bistango,cnMNL1O_dVtCdTyQwwOwOQ,New York,NY,Italian,40.7425771,-73.9800892,$$,683
751,Gray's Papaya,477o_-7VmcnTokazWtEa0A,New York,NY,Hot Dogs,40.7783783121866,-73.9815581747816,$,1345
752,Keki Modern Cakes,pHfsXEPHkGXkmGo-PbwB6w,New York,NY,Bakeries,40.71656,-73.99822,$$,522
753,Waldy's Wood Fired Pizza & Penne,na-2_gQCY7ccS2ZkLJDumQ,New York,NY,Pizza,40.7457666039821,-73.9906402533629,$,798
754,Pita Palace,CCBy_QYHbTtPrAKHS3pqHg,Brooklyn,NY,Middle Eastern,40.7172485,-73.9448511,$,216
755,Robert,h8XLhVVPoYPYodZqQOjRMw,New York,NY,American (New),40.767394,-73.982036,$$$,896
756,Khe-Yo,BKMCAYb9EAivUm3p-vrC9w,New York,NY,Laotian,40.716906,-74.008587,$$,700
757,Vandal,6GwOwhHPW8YCSfaOtM-55Q,New York,NY,American (New),40.72104,-73.99326,$$$,1375
758,Peng's Noodle Folk,0vg2Z-HPwkyVVX613j2ysg,New York,NY,Chinese,40.77726,-73.94932,$$,407
759,Miti Miti,trOfIBnEr_CxZuLRyGj9FQ,Brooklyn,NY,Latin American,40.6786672454389,-73.9791200818081,$$,820
760,TØRST,TDyu1-6XF7r1jc13j7nDNA,Brooklyn,NY,Beer Bar,40.7233949,-73.950856,$$,387
761,Galata Mediterranean Cuisine,1u_vkRFPuT8Aeh7Zk3bKyw,New York,NY,Turkish,40.74531,-73.97753,$$,327
762,Carmine's Italian Restaurant - Upper West Side,mTWlEiCUEBlxBAkIikkB1A,New York,NY,Italian,40.791077,-73.973763,$$,1287
763,Tartine,0Q13lJ3OHXOuBVpN6jeTjw,New York,NY,French,40.7362899,-74.00344,$$,964
764,Uncle Gussy's,VGTrGSH38A4n-v5nFe4skA,New York,NY,Food Trucks,40.7576813278964,-73.9732953737526,$,446
765,Ninja New York,P8YbK6_2TnXHojrs0ycisg,New York,NY,Japanese,40.71673,-74.0093,$$$,1682
766,Chip NYC,TthttjDCINv6jOV28bEphg,Astoria,NY,Bakeries,40.7655337630129,-73.9192518515278,$$,575
767,Mysttik Masaala,S6r0P0PItA9EYHV1nCiQgg,New York,NY,Food Trucks,40.75932,-73.97209,$,358
768,Pepolino Restaurant,MeUq9lombxM9alxs64tejQ,New York,NY,Tuscan,40.72077,-74.00489,$$$,534
769,MangoSeed Restaurant,DVSm03qNU7zE1mv1QSKnsA,Brooklyn,NY,Caribbean,40.6541492290788,-73.9593708515167,$$,787
770,El Mate,L0XYugkXpuACPMQ451MB8g,Brooklyn,NY,Brazilian,40.6749782203506,-73.9995224876405,$$,284
771,Abiko Curry,itH4GH2Mw2D5n5kkQAtMog,New York,NY,Japanese Curry,40.7474259684723,-73.9862179359732,$$,688
772,Sam's Fried Ice Cream,KxK58KNpMw9A-gnysr6I5w,New York,NY,Ice Cream & Frozen Yogurt,40.7158246143014,-73.9914940147472,$,281
773,Cafe Hanamizuki,S-619sO8qSxQcis0DBHvNw,New York,NY,Cafes,40.7474471,-73.9915989,$$,509
774,Fonda East Village,0AWdTQZ97G4rutU0z9Di6g,New York,NY,Mexican,40.722852,-73.98286,$$,742
775,Astoria Seafood,2LcsDUTlvovnFz-SEcSJTQ,Long Island City,NY,Seafood,40.754,-73.9298699,$$,612
776,Amor y Amargo,6qnWAPjJ7UER4QLCtotyBw,New York,NY,Cocktail Bars,40.72572,-73.98428,$$,449
777,Hanoi House,bZQryeTD6hIsT6lSUxzSSw,New York,NY,Vietnamese,40.72698,-73.98357,$$,449
778,La Goulette,N5MArV2mu4PRBER8Mapdwg,Brooklyn,NY,Mediterranean,40.71483,-73.96157,$$,303
779,Cafe Boulud,TQEajJ-kahYPOToGZIyyaA,New York,NY,French,40.77444,-73.96396,$$$$,706
780,-321° Ice Cream Shop,wjv41V1Ztzj973ju3hEl5w,Brooklyn,NY,Desserts,40.7129,-73.95779,$$,499
781,The Capital Grille,ud4-0gH8YlAExTBJoADPtw,New York,NY,Seafood,40.7078813982786,-74.0102026698364,$$$,568
782,Klong,nFszVPUX4tj-oarjfBO0nw,New York,NY,Thai,40.729507,-73.989181,$$,1065
783,Ikinari Steak East Village,kr_Wu5m0P-AEghraNqXeTA,New York,NY,Steakhouses,40.73088,-73.98968,$$,746
784,Totto Ramen Hell's Kitchen,DPDznXYX5DBLBASKfxQ-DQ,New York,NY,Ramen,40.765055,-73.991001,$$,1033
785,The Meatball Shop,F2YbqhVr6hBsFrDCyr6M_w,New York,NY,Italian,40.7459138,-74.0015369,$$,855
786,Coney Shack,ISxL2HWJNCazHAdy5oblJA,New York,NY,Food Trucks,40.756127,-73.986265,$,287
787,Prune,4LV-7hGnfimAhoAuYhgvEg,New York,NY,American (New),40.723909,-73.989379,$$$,1034
788,Vite Vinosteria,abZ-mEvF6Tj4hfyIg0lKwQ,Astoria,NY,Italian,40.7629734277725,-73.92119564116,$$,559
789,Quantum Leap,xscOfj1dMkEKvhrRruLpIg,New York,NY,Vegetarian,40.72916,-73.99874,$$,659
790,Super Taste,bT4CDzyhV-frXV6ijvXnvw,New York,NY,Chinese,40.71513,-73.99341,$,535
791,Thai Holic,9WgsvzaiXNAmmQGD0uQxFQ,Fort Greene,NY,Thai,40.692989,-73.971282,$$,385
792,99 Favor Taste,3Rah-cvFk79duFQ83voQ5A,New York,NY,Hot Pot,40.728833,-73.988094,$$,543
793,Matcha n' More,VSSsrO8JVn7fwbfqnw9fyQ,New York,NY,Coffee & Tea,40.71801,-73.99727,$$,312
794,Tim Ho Wan,SyvC0s3y0ZrtnLbwnvw7tw,New York,NY,Dim Sum,40.73168,-73.99007,$$,1592
795,ABC Cocina,9z2lUyfzZV8b2rkkiwSM4g,New York,NY,Tapas/Small Plates,40.7379699846239,-73.9892806964011,$$$,874
796,Hide-Chan Ramen,qiw9Kgsu5YVGrQL_OeDmcQ,New York,NY,Ramen,40.75613,-73.9682,$$,1316
797,Seven Grams Caffe,HgfzssjwDEWtdcaxSJqfqg,New York,NY,Coffee & Tea,40.7456063122198,-73.9942775377597,$$,409
798,Ofrenda,9_CEU7Wmvmwlyvqr-PJD6w,New York,NY,Mexican,40.73391,-74.00242,$$,946
799,Black Tap - Soho,D2qV8sDdHEFlHbVz7VSHRQ,New York,NY,American (Traditional),40.723807,-74.004351,$$,1105
800,Souvlaki GR,gG0pitVnSaUMGbEL3boF0g,New York,NY,Greek,40.72122,-73.98711,$$,861
801,Motorino,S8OKQ5S40oZ1Rr5RbC0jdg,New York,NY,Pizza,40.73039,-73.98381,$$,1074
802,Nerai,E9NMNWvV70HV5gB369N0EA,New York,NY,Greek,40.7602,-73.97308,$$$,443
803,Saluggi's,kVrTff8uDMSBAaceBwQ7dg,New York,NY,Pizza,40.720104,-74.003578,$$,548
804,John Brown Smokehouse,4DQ1S0s5ViRsw_wpcT65cw,Long Island City,NY,Barbeque,40.7489,-73.95009,$$,868
805,Superiority Burger,tf3RVircY9-8adku41N6VQ,New York,NY,Burgers,40.72739,-73.98355,$,574
806,Sunday in Brooklyn,9AXTJkwXdWaJaQkCjpj6mA,Brooklyn,NY,American (New),40.714145,-73.965322,$$,673
807,Tacombi - Nolita,d7YbQzGlmawMGAzUHzZvuw,New York,NY,Mexican,40.7240304,-73.9939028,$$,1081
808,Harry's,pNYcGGAj4AYaExlmrEmfUw,New York,NY,Steakhouses,40.70451,-74.0098299,$$$,664
809,Brooklyn Cupcake,MXdHUM2jD80ghukWuGp4hA,Brooklyn,NY,Cupcakes,40.7103899,-73.9511799,$$,328
810,Barbounia,1SaKutXcH38X0KvayyDHUA,New York,NY,Greek,40.7382,-73.98804,$$$,1214
811,Nam Nam,R-TRmWuK1nBGRB7iq0XphA,Brooklyn,NY,Vietnamese,40.70728,-73.94509,$,430
812,Mamasita Bar & Grill,xemN4tP9RlK5c-yUT-M71Q,New York,NY,Mexican,40.76733,-73.98945,$$,975
813,Saxon + Parole,7y7E2wavr-HBwEmq2snMLw,New York,NY,American (New),40.72521,-73.99247,$$$,754
814,Paul's Da Burger Joint,yk8j4W34Cy4K6uy9Btkf9Q,New York,NY,Burgers,40.7286071777344,-73.9880599975586,$$,948
815,Modern Love Brooklyn,BYnd0Kbkrjhz0CGKMF1lqg,Brooklyn,NY,Salad,40.70983,-73.95109,$$,440
816,Big Gay Ice Cream Shop,3xwMgziTShBW4qR6sXke9A,New York,NY,Desserts,40.7332706734871,-74.003248,$,1144
817,Senza Gluten,LnMRZhKtOrW1eL04FiPYTg,New York,NY,Italian,40.7290911050589,-74.0003699151971,$$,538
818,Momo Sushi Shack,ZrzSDDj54aUlPqn4MQMKeQ,Brooklyn,NY,Japanese,40.7051406133,-73.933340055132,$$,648
819,District Saigon,YjkEjOJ05z4MVDmbrWvWdQ,Astoria,NY,Vietnamese,40.7596365,-73.9199343,$$,536
820,Brooklyn Roasting Company,pzqb1u_GeU-vkrk_KdFieQ,Brooklyn,NY,Coffee & Tea,40.704228,-73.986241,$$,508
821,Times Square Diner,W0k5HHTa7IJsR51Nf7fOmA,New York,NY,American (Traditional),40.7614036889404,-73.9869685269328,$$,860
822,Cascalote Latin Bistro,BxnrBKdLwdaEXyq97uxgKg,New York,NY,Latin American,40.79271,-73.94069,$$,333
823,Pio Pio 7,BZcG-xN3DCxlfhckBZYeuw,New York,NY,Latin American,40.74525,-73.97768,$$,804
824,15 East Restaurant,GBWMJJ4_rDWqiXJ7AvHAOg,New York,NY,Japanese,40.7363799,-73.99213,$$$$,625
825,Samba Kitchen,aJqjC4uAo6vhOpsVNCiMDA,New York,NY,Brazilian,40.76095,-73.99115,$$,420
826,POST,ihplCj2HKWR7z-bBKf8Nzw,New York,NY,Breakfast & Brunch,40.72298,-73.98302,$$,234
827,The Candle Cafe,x5HLJVEOYF-cCmGEZFu9yA,New York,NY,Vegan,40.771434,-73.959146,$$,895
828,Xian Famous Foods,kwqOmEwWJ0D9PyCdFGE3-g,New York,NY,Chinese,40.747844,-73.983901,$$,706
829,Black Iron Burger,fgtw4swOHXEFwZpBCG05rQ,New York,NY,Burgers,40.75427,-73.99031,$$,895
830,Juice Vitality,ytYVlCkrzcAxxUcbT4NTgA,New York,NY,Juice Bars & Smoothies,40.72966,-73.9834,$,160
831,The Saint Austere,L5MrjGhBqQkwlguY0ilxqA,Brooklyn,NY,Tapas Bars,40.7114604,-73.9476182,$$,374
832,Dudley's,L7_MTRZyYp_i-cnH2CU4zQ,New York,NY,Cafes,40.71798,-73.99042,$$,661
833,Spaghetti Incident,XHhRAKq6DArQXYhkgvwaow,New York,NY,Italian,40.7223153441439,-73.9899454318763,$$,555
834,MáLà Project,Kqb7MjTPNkjPMoFRd-rWpw,New York,NY,Chinese,40.72713,-73.98542,$$,584
835,Punjabi Grocery & Deli,PdzL9svqapSqH4o8bF86Pw,New York,NY,Indian,40.7227225423661,-73.9866224576721,$,383
836,Earl's Beer & Cheese,DpZBA0-f7Um9lvnp1zZM2A,New York,NY,Bars,40.78729,-73.95152,$$,580
837,Udon West Midtown,ev6e12vhY_0y4qE1cRhv0A,New York,NY,Japanese,40.7535446865563,-73.9735724478504,$$,988
838,Koroni Souvlaki and Grill,-rqqnZeGmwyfkqoRskSO1g,Astoria,NY,Mediterranean,40.768544,-73.92121,$$,234
839,The Cellar,SF2G4QfcSV03sMCSsv5s2g,New York,NY,Wine Bars,40.73889,-73.9897,$$,654
840,Allora Ristorante,z7H9ApIGopnDnQaglnPTzg,New York,NY,Italian,40.75433,-73.97277,$$$,477
841,B&H Dairy,koh-4_SAbshwZ8EBRmXcmg,New York,NY,Vegetarian,40.7284584,-73.9881668,$,458
842,Soba Totto,Ms1p17KsYteDlkvHnllC2g,New York,NY,Japanese,40.75122,-73.97317,$$,875
843,Mango Mango Dessert - New York,YFwncruQm44GTqn2jZ9BwQ,New York,NY,Desserts,40.71528,-73.99811,$,633
844,Kashkaval Garden,TAANt0fPbfHqVP5LyMBioA,New York,NY,Mediterranean,40.766758,-73.986144,$$,549
845,Ravagh Persian Grill,ExvoimQ4LzY3UWtZ6m6Lgw,New York,NY,Middle Eastern,40.74564,-73.9855,$$,744
846,Bedouin Tent,nGpC40fxoDQ-Ft0h-_gkVg,Brooklyn,NY,Middle Eastern,40.6869769801458,-73.984394049936,$,597
847,TAO Downtown,pBIvJHn65iqlUh1L2tN-qg,New York,NY,Lounges,40.7426141,-74.0042051,$$$,1327
848,Rosa Mexicano,dYWjNK07igws9jFNgQmhng,New York,NY,Mexican,40.7382,-73.99083,$$,1463
849,Jimmy's Diner,oGsyKk43d7Jc4wN7r3Wvxg,Brooklyn,NY,Diners,40.7177,-73.952445,$$,740
850,Don Angie,h37t9rA06Sr4EetJjKrfzw,New York,NY,Italian,40.73778,-74.00197,$$$,267
851,Radiance Tea House and Books,neQM053ovAOrf1sVSAPI9w,New York,NY,Asian Fusion,40.7639799,-73.98065,$$,836
852,Aburiya Kinnosuke,_FhKGcCbiYgtkXcCiwTAiA,New York,NY,Tapas/Small Plates,40.752583,-73.972274,$$$,719
853,Saiguette,sKIYGvENchifk1YwFe77pA,New York,NY,Vietnamese,40.79902,-73.96281,$$,585
854,Wowfulls,htXRzg3a3jMQt3mg_zM-yQ,New York,NY,Desserts,40.721047,-73.983519,$,320
855,Lella Alimentari,UpPXAjKc-CyuCg72chwd3A,Brooklyn,NY,Coffee & Tea,40.71516,-73.946451,$,174
856,Emily - West Village,m86CNmYThtzzWB3nPnrhbg,New York,NY,Pizza,40.729330068469,-74.0038400073579,$$,535
857,The Food Sermon Kitchen,VDz9n7gwcq51wOAbTBdXxA,Brooklyn,NY,Caribbean,40.6647720336914,-73.9535217285156,$$,250
858,Panino Rustico,FwMyv3CVIxbI6ngodw7s3w,Brooklyn,NY,Italian,40.610494,-74.003153,$$,427
859,ICHIRAN - Brooklyn,JRmQRFEEnSUdAcesHun9AQ,Brooklyn,NY,Ramen,40.707587,-73.933271,$$,1056
860,The Breslin Bar & Dining Room,GxqEVZUgz8xophUos_V3eQ,New York,NY,Gastropubs,40.7457012,-73.9878543,$$$,1558
861,I CE NY,fxN2HYA1uyrdkXR9XX-Uwg,New York,NY,Desserts,40.7296251968846,-74.0009496311209,$,584
862,MarieBelle,FeVmZXCk9y7Gff48e79AVA,New York,NY,Chocolatiers & Shops,40.7232107708636,-74.002450627852,$$$,484
863,Pocket Bar NYC,mvAjuaS1Jp6dsN4a-i_Fyw,New York,NY,Wine Bars,40.7633645,-73.9922985,$$,280
864,The Blue Stove,ydM7goKDQQ87VidFZ9Lw1Q,Brooklyn,NY,Bakeries,40.7174501317509,-73.9450335643078,$$,361
865,Forlini's Restaurant,bdKc4CSJPv-XLgxVwrtPrg,New York,NY,Italian,40.71695,-73.99957,$$,410
866,Mezetto,B8uEWQoTILlTNajCmJVOcQ,New York,NY,Mediterranean,40.7228863781236,-73.9889362576721,$$,576
867,Le Coucou,obFs12x7mgYPGxgalBd22w,New York,NY,French,40.71909,-74.00013,$$$$,511
868,Virgil's Real BBQ - Times Square,U0deo-JRQmHrru0uSf6QWA,New York,NY,Barbeque,40.75685,-73.9851,$$,1544
869,Sukhumvit 51,KHdYPT0jUnUGdHGaY73mxg,New York,NY,Thai,40.7559139831703,-73.9693867939228,$$,705
870,Doughnut Plant,IfmcuGIr9kthp9dNjrtlmw,Brooklyn,NY,Donuts,40.680653,-73.9747427,$$,574
871,Daily Provisions,t4M1VX4n34eEgUWMJ7cgKw,New York,NY,Cafes,40.73768,-73.9876685,$$,351
872,VIV,z1OgXX3L9Ipl2mu-Hf4ADw,New York,NY,Thai,40.76277,-73.98969,$$,765
873,Steve's Authentic Key Lime Pies,CoJmKwsXt3esEKVB6-3EkQ,Brooklyn,NY,Bakeries,40.6777599765016,-74.0180665132931,$$,403
874,Bird & Branch,IkyRp47Jpbk_AQ35qlr-eg,New York,NY,Coffee & Tea,40.7603099,-73.99087,$$,212
875,Baar Baar,jYhbUh1TV7SCfPxjIhVpcg,New York,NY,Gastropubs,40.7244378855031,-73.9915524,$$$,576
876,Banter,Zc7Jbuwe3XO-EaVXIh_TYQ,New York,NY,Breakfast & Brunch,40.72787,-74.0010999,$$,378
877,Sigiri,NzU2hb0z0jGEOOv0-zTLEQ,New York,NY,Sri Lankan,40.726261,-73.986686,$$,590
878,Golden Unicorn,6zM0c7vvoddgza_qvKkATw,New York,NY,Dim Sum,40.7136770496642,-73.997163364418,$$,1722
879,Café Henri,gISZs8okQgFIpd-yz9aC4w,Long Island City,NY,French,40.742559,-73.953697,$$,670
880,The Penrose,mWS4umRg2AyykyAClMrIRw,New York,NY,Gastropubs,40.7755334102308,-73.9532487460327,$$,1121
881,Catch NYC,7VqMGK9uwi0vKqOjdKyIUA,New York,NY,Asian Fusion,40.740234,-74.006342,$$$,2192
882,Ivan Ramen,wqYHhMnpdfUVGL5JI3Wi_A,New York,NY,Ramen,40.72058,-73.98454,$$,1214
883,Decoy,l44CFBTejwL0ElKmkH7xQQ,New York,NY,Chinese,40.734196,-74.006519,$$$,408
884,The Bao,SNhDVaf_n7VDZcfry8mYdA,New York,NY,Chinese,40.72939,-73.9889199,$$,1043
885,Mesa Coyoacan,mmAlHhnTDXIohPC3wfl0hQ,Brooklyn,NY,Mexican,40.715528,-73.944273,$$,738
886,dell'anima,pxtno4adrYTjyQsxngTj9A,New York,NY,Italian,40.76234,-73.99695,$$$,626
887,Orchard Grocer,YnDs59_dEQ61TdCD4fdyEw,New York,NY,Delis,40.717731,-73.990165,$$,177
888,Il Mulino New York - Downtown,DtnlLLvcqeEUIyZTypHnzw,New York,NY,Italian,40.729807,-73.999159,$$$$,535
889,Peppino's Brick Oven Pizza & Restaurant,wTNUUoYUl3gox-gUAZ9bAA,Brooklyn,NY,Pizza,40.668221,-73.986936,$$,401
890,Arturo's,BgGz5IdV53bGb4o7opR5zg,New York,NY,Pizza,40.7273563342024,-74.0004944801331,$$,657
891,Ornella Trattoria Italiana,ZfyfGGtr7usMlsQP1LdU2g,Astoria,NY,Italian,40.7748162,-73.9132582,$$,859
892,Rockwood Music Hall,RtN5ETLqYiMqhr71fu6cpg,New York,NY,Music Venues,40.722332,-73.988571,$$,410
893,Qi,JzD9nfJWHwnG-2Wk87muHg,New York,NY,Thai,40.762,-73.98961,$$,1203
894,Pocha 32,KaBw8UEm8uZTV6YLsshYrQ,New York,NY,Bars,40.747524574399,-73.9862626791,$$,1439
895,Atoboy,RYoc4EBUNOtgbg7c32OG9A,New York,NY,Korean,40.74364,-73.98456,$$$,320
896,Loring Place,AKHA6ZU8uM3vmLwH2hqH_A,New York,NY,American (New),40.73299,-73.99754,$$$,370
897,Win Son,3gqKLANaXNsHZnPDjKrcTg,Brooklyn,NY,Taiwanese,40.70747,-73.94339,$$,413
898,Brooklyn Kolache,4VEgZ7aVUt6oKw8KmXj-jQ,Brooklyn,NY,Coffee & Tea,40.6907913077698,-73.9556479454041,$,294
899,Yonah Schimmel's Knish Bakery,amoGEhgkE4xcNXwYqWeoaw,New York,NY,Kosher,40.7231,-73.99015,$,607
900,Da Claudio,f8ipr8Wdy1_wHhw7JgNqPQ,New York,NY,Italian,40.71087,-74.00753,$$,423
901,Grom,U8juBUAqYYSIMEeGEpHjYg,New York,NY,Ice Cream & Frozen Yogurt,40.7672067087368,-73.9812852312828,$$,587
902,Dian Kitchen,2UxAkvKkkWNwqZi9H0OzWw,New York,NY,Chinese,40.72772,-73.98321,$$,179
903,Tommy Bahama Restaurant | Bar | Store - New York,YHGGyH4hn_5UyV1rWgA5hg,New York,NY,American (New),40.7553882217953,-73.9792002147005,$$$,573
904,Rafele Ristorante,PajKY49h4SpvSr-TW3lwCQ,New York,NY,Italian,40.7309471231405,-74.0041171779098,$$$,457
905,Topaz Noodle Bar,43r4ynjeIZeQI1w7SWARuQ,New York,NY,Thai,40.7644424438477,-73.9789733886719,$$,606
906,David's Brisket House and Deli,Kg1OqaEPNFFL5FuqnALdWQ,Brooklyn,NY,Delis,40.679434,-73.949515,$$,406
907,Brooklyn Bowl,wQFq2ZbUG40H1KfXTjgkBw,Brooklyn,NY,Bowling,40.7218937792125,-73.9575488529698,$$,1201
908,Taste Good Malaysian Cuisine,Zx44jCgDv1TwKMGzcXajIQ,Elmhurst,NY,Malaysian,40.7417090264307,-73.8821911811829,$$,664
909,Patrizia's Pizza and Pasta,kIm0oeOaVfC9-2flLPVklA,New York,NY,Italian,40.7398415,-73.9792862,$$,544
910,Teado Tea Shop,AYjVpQ5jYz5gJJqXh_B_CA,New York,NY,Coffee & Tea,40.7172143,-73.9949616,$,335
911,Aureole,UBCNhz-TSvBP3zo5PjFWrQ,New York,NY,American (New),40.7555870079476,-73.9852531626821,$$$$,875
912,Jacques Torres Chocolate,sTruePBzPT4yg086E13BNA,New York,NY,Chocolatiers & Shops,40.72767,-74.00708,$$,431
913,Taste of Persia,YMtQ5NZY3WUn3tetby6Uog,New York,NY,Persian/Iranian,40.73891,-73.99298,$$,310
914,Boulton & Watt,Cz6It2NB_QBXCjnlsWGZSA,New York,NY,American (New),40.7224963,-73.986439,$$,669
915,Rosie's,9aJ1MVTthZw3QjqoG7mPjg,New York,NY,Mexican,40.72492,-73.99079,$$,667
916,Mom's Kitchen & Bar,xMUZfoyzyJoTfZxrEZus4Q,New York,NY,Comfort Food,40.76247,-73.9901,$$,601
917,Congee Village,rYw5rQbWRX9buZHZbxqWdA,New York,NY,Cantonese,40.7187,-73.99031,$$,1535
918,Dar 525,oqVG2LsTwvRzgJxId5pqiw,Brooklyn,NY,Mediterranean,40.711266,-73.950317,$$,446
919,Posto,X8Hl9OezX-Yr9Jir3fsF7g,New York,NY,Pizza,40.73483,-73.98282,$$,588
920,Piccoli Trattoria,XvEz60Y0NbLxooK9AmRU8g,Brooklyn,NY,Italian,40.6650986895797,-73.9864727962952,$$,454
921,The Plaza Food Hall,6VLeSnx90q9Xgd6aHUO_JQ,New York,NY,Food Court,40.764223,-73.974561,$$,629
922,Ample Hills Creamery,Oa5jGPt5eIwz-qBeFxwsMA,New York,NY,Desserts,40.7623971864482,-73.997002321425,$$,340
923,Bowery Ballroom,No5Z9wDq4E2TcYbgtr1AiA,New York,NY,Music Venues,40.72036,-73.99338,$$,376
924,Black Tap - Midtown,yZs_A8r0qDz7Z5bR0C-aiQ,New York,NY,Burgers,40.76347,-73.97978,$$,1059
925,Lillie's Victorian Establishment,2RbBg1CIxBZAc2MQPdxkcA,New York,NY,Bars,40.737661,-73.991113,$$,1039
926,Wolfnights,jpw7iGUzsj_AECKt351X8w,New York,NY,American (New),40.7198896,-73.9885666,$$,515
927,HinoMaru Ramen,D65eObUbArHu6UiQsUasgw,Astoria,NY,Ramen,40.774889916651,-73.9092001318932,$$,823
928,Buenos Aires,ZgIfySJ3cnB1svoyJAiCzg,New York,NY,Argentine,40.7253150939941,-73.983039855957,$$$,519
929,Las Ramblas,WFOaud0jlpXQ9aEecipUqg,New York,NY,Tapas/Small Plates,40.731958,-74.0015486,$$,703
930,Ground Central,ntkrxOSYT5VtTL4Z5jmmeA,New York,NY,Coffee & Tea,40.757575,-73.970321,$,620
931,The Crabby Shack,uAy3zyNCmDPO0RpdGjEAdg,Brooklyn,NY,Seafood,40.6773501401729,-73.9554671528066,$$,633
932,Avant Garden,jvPYm9rYK-5ddnjU30Oz4Q,New York,NY,American (New),40.7261499,-73.98402,$$$,300
933,Round K,kuKSvCZDFrgOrY-dcrOefg,New York,NY,Coffee & Tea,40.718906,-73.990966,$$,354
934,Sofia Wine Bar,3qIISjUYn1tbqHXi7nCLXg,New York,NY,Italian,40.75502,-73.96913,$$,631
935,Almond,6ujYWjs1FTksvuVxuzjUYA,New York,NY,American (New),40.7400817871094,-73.9887542724609,$$,1008
936,Izakaya NoMad,8NVN6Nldm7AGoGaABBZMRw,New York,NY,Gastropubs,40.74409,-73.98945,$$,652
937,The Battery,-qMrl4pSdhyvaUEw_sgbng,New York,NY,Parks,40.704492,-74.014303,0,338
938,Attaboy,H7S7-vF2z_HfaLo6BGPetw,New York,NY,Cocktail Bars,40.7188874,-73.9913351,$$,513
939,Luke's Lobster Upper West Side,ahWC_GUPWPMyYiSKsgBPiA,New York,NY,Seafood,40.78424,-73.977868,$$,674
940,Hot N Juicy Crawfish,NGcz0alNBJVnirAL-r8K9g,New York,NY,Cajun/Creole,40.7395099255823,-74.0016006497376,$$,450
941,Jadis,iQB37FNqD_G5_QMrp9ovnw,New York,NY,French,40.7210234741789,-73.9910054106201,$$,487
942,Keybar,iIixO6VbKitogJGBRIalYA,New York,NY,Lounges,40.7299112,-73.981883,$,585
943,Ruffian,fFkqEyupjc5x2iJQIPcpLw,New York,NY,Wine Bars,40.7264,-73.98411,$$,192
944,Saltwater Coffee,SZXOfQbLyF3C5GwYBj6VvA,New York,NY,Coffee & Tea,40.7304578,-73.9839175,$$,191
945,Third Rail Coffee,rd0VGG_d_qNp_aBW_HJM4w,New York,NY,Coffee & Tea,40.72994,-73.99959,$,461
946,Double Zero,EBK0OkVMBg_n_KxAU_4DZg,New York,NY,Pizza,40.7261288,-73.9896645,$$,441
947,The Jolly Goat Coffee Bar,QH9vS9_Q5um3b8sZntZiyw,New York,NY,Coffee & Tea,40.7633010644103,-73.9941928334518,$,328
948,Patrizia's - Williamsburg,LRgB2kEKtBxqIxNksTO_PQ,Brooklyn,NY,Pizza,40.71084,-73.96735,$$,602
949,NORMA'S,tD1pDzU-x8gGodC4nGnY9g,New York,NY,Breakfast & Brunch,40.7641277134065,-73.9783795227192,$$$,1683
